№;Количиство подписчиков;Username;Тип;Ссылка Telegram
1;34 756;4aoTuNK2b_YwYTcy;Чат;https://t.me/4aoTuNK2b_YwYTcy
2;49 256;dps_tlt;Чат;https://t.me/dps_tlt
3;21 625;KYZYLBRO;Чат;https://t.me/KYZYLBRO
4;4 250;id1205775727;Чат;https://t.me/id1205775727
5;43 896;logisticscargo;Чат;https://t.me/logisticscargo
6;32 510;bdtprb102;Чат;https://t.me/bdtprb102
7;127 545;TutGruz;Чат;https://t.me/TutGruz
8;18 815;nezavisimye_voditeli_ykt;Чат;https://t.me/nezavisimye_voditeli_ykt
9;27 088;worldlogistic;Чат;https://t.me/worldlogistic
10;44 621;dps56;Чат;https://t.me/dps56
11;45 019;dps36;Чат;https://t.me/dps36
12;28 308;logistikasn;Чат;https://t.me/logistikasn
13;16 942;Taxieconomy;Чат;https://t.me/Taxieconomy
14;59 316;gruzoperevozki_rossiya;Чат;https://t.me/gruzoperevozki_rossiya
15;22 725;antidpsuu03;Чат;https://t.me/antidpsuu03
16;31 482;vNi8Ap4jdLo0ZWRi;Чат;https://t.me/vNi8Ap4jdLo0ZWRi
17;19 854;mdpschat;Чат;https://t.me/mdpschat
18;30 757;dpscontroltoday;Чат;https://t.me/dpscontroltoday
19;32 196;gibdd21;Чат;https://t.me/gibdd21
20;26 133;Russian_logistics;Чат;https://t.me/Russian_logistics
21;23 959;gruzoperevozki_po_sng1;Чат;https://t.me/gruzoperevozki_po_sng1
22;18 812;gruzoperevozochki;Чат;https://t.me/gruzoperevozochki
23;15 636;taxy_ykt;Чат;https://t.me/taxy_ykt
24;39 829;dps_chelny;Чат;https://t.me/dps_chelny
25;4 035;carsnosleep_chat;Чат;https://t.me/carsnosleep_chat
26;51 239;pdd_drom;Чат;https://t.me/pdd_drom
27;12 066;taxi_70000;Чат;https://t.me/taxi_70000
28;18 226;logika86;Чат;https://t.me/logika86
29;16 906;Super_Group_Ati_su;Чат;https://t.me/Super_Group_Ati_su
30;41 799;auto_nk;Чат;https://t.me/auto_nk
31;40 935;lixiangautorussia;Чат;https://t.me/lixiangautorussia
32;15 394;Pervozka;Чат;https://t.me/Pervozka
33;23 930;avtopab;Чат;https://t.me/avtopab
34;38 506;chita_road;Чат;https://t.me/chita_road
35;21 676;DPScontrol72;Чат;https://t.me/DPScontrol72
36;23 585;avtoxak42;Чат;https://t.me/avtoxak42
37;19 033;MDPS152Chat;Чат;https://t.me/MDPS152Chat
38;7 877;taxiGenichesk;Чат;https://t.me/taxiGenichesk
39;17 836;logistics_avto;Чат;https://t.me/logistics_avto
40;11 817;CargoAuto;Чат;https://t.me/CargoAuto
41;28 235;MDPS_NSK54;Чат;https://t.me/MDPS_NSK54
42;4 461;dtp_38rus;Чат;https://t.me/dtp_38rus
43;13 420;tug34;Чат;https://t.me/tug34
44;26 920;dps_kazan16;Чат;https://t.me/dps_kazan16
45;5 581;orskdps;Чат;https://t.me/orskdps
46;28 151;gibdd40;Чат;https://t.me/gibdd40
47;22 492;almetyevsk_dps;Чат;https://t.me/almetyevsk_dps
48;14 059;TaxiBEST;Чат;https://t.me/TaxiBEST
49;39 327;MDPS_NSK154;Чат;https://t.me/MDPS_NSK154
50;21 982;dps_ufa;Чат;https://t.me/dps_ufa
51;15 209;bezdpsus;Чат;https://t.me/bezdpsus
52;10 902;perevezem24;Чат;https://t.me/perevezem24
53;19 790;mestodps39;Чат;https://t.me/mestodps39
54;4 943;kirovskoedps;Чат;https://t.me/kirovskoedps
55;10 425;M7gM5HOCHc05MTUy;Чат;https://t.me/M7gM5HOCHc05MTUy
56;22 080;wcGmloSd5XJjYWFi;Чат;https://t.me/wcGmloSd5XJjYWFi
57;15 936;location_dps26;Чат;https://t.me/location_dps26
58;17 551;ams_yalta;Чат;https://t.me/ams_yalta
59;15 297;rzn_dps;Чат;https://t.me/rzn_dps
60;13 012;anti_dps_bratsk;Чат;https://t.me/anti_dps_bratsk
61;15 290;spatrull;Чат;https://t.me/spatrull
62;13 506;Nizniy100;Чат;https://t.me/Nizniy100
63;10 485;ConnectCity;Чат;https://t.me/ConnectCity
64;29 202;krasnoyarsk_antidps;Чат;https://t.me/krasnoyarsk_antidps
65;20 845;dorogachat;Чат;https://t.me/dorogachat
66;19 838;dpstver;Чат;https://t.me/dpstver
67;11 113;iLV4lSaFIZZmMWMy;Чат;https://t.me/iLV4lSaFIZZmMWMy
68;19 100;voyahchat;Чат;https://t.me/voyahchat
69;14 524;HAVAL_community;Чат;https://t.me/HAVAL_community
70;12 014;autoDromEnakievo;Чат;https://t.me/autoDromEnakievo
71;13 219;mdps_balakovo;Чат;https://t.me/mdps_balakovo
72;16 175;ams_simferopol;Чат;https://t.me/ams_simferopol
73;14 083;mdps_kld;Чат;https://t.me/mdps_kld
74;14 865;dpssam;Чат;https://t.me/dpssam
75;10 212;dps_sam1;Чат;https://t.me/dps_sam1
76;7 774;Voyagetour;Чат;https://t.me/Voyagetour
77;16 275;salavatdps;Чат;https://t.me/salavatdps
78;21 998;haval_jolion;Чат;https://t.me/haval_jolion
79;13 112;TaxiSMILE;Чат;https://t.me/TaxiSMILE
80;7 464;gruzytutRF;Чат;https://t.me/gruzytutRF
81;10 062;auto_mariupol3;Чат;https://t.me/auto_mariupol3
82;11 970;dps_almet;Чат;https://t.me/dps_almet
83;8 565;AutoSaleRF1;Чат;https://t.me/AutoSaleRF1
84;12 964;dpscontrolusr;Чат;https://t.me/dpscontrolusr
85;8 362;Progasi999;Чат;https://t.me/Progasi999
86;2 369;levcar_room;Чат;https://t.me/levcar_room
87;8 542;dps_Angarsk;Чат;https://t.me/dps_Angarsk
88;17 639;geely_monjaro_club;Чат;https://t.me/geely_monjaro_club
89;16 949;geely_monjaroclub;Чат;https://t.me/geely_monjaroclub
90;6 096;prodazha_avto_moskva;Чат;https://t.me/prodazha_avto_moskva
91;7 270;kurgandps;Чат;https://t.me/kurgandps
92;15 591;bombila_gorlovka;Чат;https://t.me/bombila_gorlovka
93;6 892;stopdpsNV;Чат;https://t.me/stopdpsNV
94;13 409;samara_sliv;Чат;https://t.me/samara_sliv
95;12 623;wwHLHUAt5gUwZTVi;Чат;https://t.me/wwHLHUAt5gUwZTVi
96;43 596;AvtoMelitopolja;Чат;https://t.me/AvtoMelitopolja
97;6 975;dpschatvlg;Чат;https://t.me/dpschatvlg
98;13 648;S4DLwuhA4Vc50aLu;Чат;https://t.me/S4DLwuhA4Vc50aLu
99;20 974;zeekrclub;Чат;https://t.me/zeekrclub
100;16 972;avto_lubiteli_lnr;Чат;https://t.me/avto_lubiteli_lnr
