№;Количество подписчеков;Username;Тип;Ссылка Telegram
1;18 512;readovchat;Чат;https://t.me/readovchat
2;9 842;ru2chnews;Чат;https://t.me/ru2chnews
3;130 241;id1423788859;Чат;https://t.me/id1423788859
4;58 318;mostodaychat;Чат;https://t.me/mostodaychat
5;21 326;chatzvz;Чат;https://t.me/chatzvz
6;6 475;Donetsk_Z_chat1;Чат;https://t.me/Donetsk_Z_chat1
7;49 875;Ateo_Chat;Чат;https://t.me/Ateo_Chat
8;16 762;treshchat_ulyanovsk;Чат;https://t.me/treshchat_ulyanovsk
9;2 172;e1_chat;Чат;https://t.me/e1_chat
10;10 115;ntvchat;Чат;https://t.me/ntvchat
11;25 109;specchatZ;Чат;https://t.me/specchatZ
12;3 729;ariguschat;Чат;https://t.me/ariguschat
13;8 375;insaidchat;Чат;https://t.me/insaidchat
14;1 772;id1710076526;Чат;https://t.me/id1710076526
15;3 312;kbchat3133;Чат;https://t.me/kbchat3133
16;19 233;fontanka_chat;Чат;https://t.me/fontanka_chat
17;27 197;spbtodaychat;Чат;https://t.me/spbtodaychat
18;3 360;chatinDonetsk1;Чат;https://t.me/chatinDonetsk1
19;1 464;nwsruchat;Чат;https://t.me/nwsruchat
20;7 572;Life_chat_spb;Чат;https://t.me/Life_chat_spb
21;22 037;moscowowchat;Чат;https://t.me/moscowowchat
22;7 062;pva_chat;Чат;https://t.me/pva_chat
23;2 452;russiakuban_talk;Чат;https://t.me/russiakuban_talk
24;33 860;chpsochi_chat;Чат;https://t.me/chpsochi_chat
25;1 686;I2co5UxQilEwMDQ6;Чат;https://t.me/I2co5UxQilEwMDQ6
26;32 454;vorobiev_live_chat;Чат;https://t.me/vorobiev_live_chat
27;4 107;trofimovonlinechat;Чат;https://t.me/trofimovonlinechat
28;22 433;id1168956377;Чат;https://t.me/id1168956377
29;21 262;derbentchat;Чат;https://t.me/derbentchat
30;20 017;mskpremium;Чат;https://t.me/mskpremium
31;7 869;reutov_chat;Чат;https://t.me/reutov_chat
32;2 742;news_93ru;Чат;https://t.me/news_93ru
33;28 763;odintsovo_city;Чат;https://t.me/odintsovo_city
34;41 656;VRNcomments;Чат;https://t.me/VRNcomments
35;1 249;SakhadayChat;Чат;https://t.me/SakhadayChat
36;12 795;infocentrskrfchat;Чат;https://t.me/infocentrskrfchat
37;23 302;pb_chats;Чат;https://t.me/pb_chats
38;1 826;kuban24discussion;Чат;https://t.me/kuban24discussion
39;2 813;chat_armavira;Чат;https://t.me/chat_armavira
40;8 360;chystoenebo;Чат;https://t.me/chystoenebo
41;19 317;ilpik;Чат;https://t.me/ilpik
42;3 586;krasnolocal;Чат;https://t.me/krasnolocal
43;9 056;ChatNoyabrsk89;Чат;https://t.me/ChatNoyabrsk89
44;1 879;nerungri_chat;Чат;https://t.me/nerungri_chat
45;18 809;pqvbeLvvKEk2ODEy;Чат;https://t.me/pqvbeLvvKEk2ODEy
46;6 325;live_kuban_chat;Чат;https://t.me/live_kuban_chat
47;9 677;bezsvetachat;Чат;https://t.me/bezsvetachat
48;12 730;achinsk_town;Чат;https://t.me/achinsk_town
49;12 426;belgorod_belru;Чат;https://t.me/belgorod_belru
50;3 606;newsvladivostok;Чат;https://t.me/newsvladivostok
51;15 826;vosonline1;Чат;https://t.me/vosonline1
52;3 329;chat_nntoday;Чат;https://t.me/chat_nntoday
53;27 620;krasnodarkray_chat;Чат;https://t.me/krasnodarkray_chat
54;2 319;gk_news2;Чат;https://t.me/gk_news2
55;8 477;DolgopaCityChat;Чат;https://t.me/DolgopaCityChat
56;1 333;id1722523147;Чат;https://t.me/id1722523147
57;1 359;kzn_da;Чат;https://t.me/kzn_da
58;14 092;uh7BN6oStaY5NmEy;Чат;https://t.me/uh7BN6oStaY5NmEy
59;546;msk1_chat;Чат;https://t.me/msk1_chat
60;8 718;onf_front_chat;Чат;https://t.me/onf_front_chat
61;20 289;vrn_chatt;Чат;https://t.me/vrn_chatt
62;7 041;svo31_chat;Чат;https://t.me/svo31_chat
63;3 931;id1724590740;Чат;https://t.me/id1724590740
64;10 376;Chat_Noginsk;Чат;https://t.me/Chat_Noginsk
65;641;chp124_chat;Чат;https://t.me/chp124_chat
66;10 019;Chat_Podslushano_Vidnoe;Чат;https://t.me/Chat_Podslushano_Vidnoe
67;5 758;Chat_Enakievo;Чат;https://t.me/Chat_Enakievo
68;25 054;militarydonetsk_pereklichka;Чат;https://t.me/militarydonetsk_pereklichka
69;10 285;schelk_chat;Чат;https://t.me/schelk_chat
70;4 506;MoscowChatLife;Чат;https://t.me/MoscowChatLife
71;21 709;CGX-B-3oTtk0MzRi;Чат;https://t.me/CGX-B-3oTtk0MzRi
72;11 226;gulagchat;Чат;https://t.me/gulagchat
73;14 360;vyacheslav_kwon_chat;Чат;https://t.me/vyacheslav_kwon_chat
74;11 201;solikamsk_live_chat;Чат;https://t.me/solikamsk_live_chat
75;10 255;Dolgoprudny_Chat;Чат;https://t.me/Dolgoprudny_Chat
76;1 171;26dfTJ6t5UdmZjEy;Чат;https://t.me/26dfTJ6t5UdmZjEy
77;8 391;bog_online_24;Чат;https://t.me/bog_online_24
78;2 862;rznlifechat;Чат;https://t.me/rznlifechat
79;5 637;ugorodokok;Чат;https://t.me/ugorodokok
80;13 303;mylubertsychat;Чат;https://t.me/mylubertsychat
81;14 369;svet38chat;Чат;https://t.me/svet38chat
82;1 881;bloknot_nvrsk_fludilka;Чат;https://t.me/bloknot_nvrsk_fludilka
83;5 725;antrik24;Чат;https://t.me/antrik24
84;7 949;black_sbor_chat;Чат;https://t.me/black_sbor_chat
85;1 149;nationalprojects_chat;Чат;https://t.me/nationalprojects_chat
86;44 735;krym_most_seychas;Чат;https://t.me/krym_most_seychas
87;5 668;chpdagomys_chat;Чат;https://t.me/chpdagomys_chat
88;6 812;m-hkUw1WYMIyZGEy;Чат;https://t.me/m-hkUw1WYMIyZGEy
89;963;komcity_chat;Чат;https://t.me/komcity_chat
90;10 345;khartsyzsk_chat;Чат;https://t.me/khartsyzsk_chat
91;8 058;lgotniki_moscow;Чат;https://t.me/lgotniki_moscow
92;4 270;fY4IO2FR7RRlZGNi;Чат;https://t.me/fY4IO2FR7RRlZGNi
93;15 412;incident_kuzbass_chat;Чат;https://t.me/incident_kuzbass_chat
94;9 638;bydennovskiy;Чат;https://t.me/bydennovskiy
95;12 259;ags_chat123;Чат;https://t.me/ags_chat123
96;33 821;saratov_obyavlenia_gorod;Чат;https://t.me/saratov_obyavlenia_gorod
97;5 567;zaporozhskaya_chat;Чат;https://t.me/zaporozhskaya_chat
98;5 531;severlisic;Чат;https://t.me/severlisic
99;9 845;debalya2024;Чат;https://t.me/debalya2024
100;10 163;salmachi_online_chat;Чат;https://t.me/salmachi_online_chat
