№;Количество участников;Username;Тип;Ссылка Telegram
1;27 300;lapiQvv4bPFhM2Yy;Чат;https://t.me/lapiQvv4bPFhM2Yy
2;17 474;Baraholka_MeLika;Чат;https://t.me/Baraholka_MeLika
3;8 408;br_0m;Чат;https://t.me/br_0m
4;24 066;lzt_service;Чат;https://t.me/lzt_service
5;9 763;p2p_arbicrypta;Чат;https://t.me/p2p_arbicrypta
6;14 656;ogma_yslugi;Чат;https://t.me/ogma_yslugi
7;7 884;uniq_dark;Чат;https://t.me/uniq_dark
8;23 837;YzvtrDGwlRZlMjky;Чат;https://t.me/YzvtrDGwlRZlMjky
9;1 858;QwK3yVenGwE5MzU6;Чат;https://t.me/QwK3yVenGwE5MzU6
10;3 999;xpa2NF0IlJthZDBi;Чат;https://t.me/xpa2NF0IlJthZDBi
11;8 029;OTC_META;Чат;https://t.me/OTC_META
12;3 619;workingverif;Чат;https://t.me/workingverif
13;7 657;A1V4ImzMgMBmZTM8;Чат;https://t.me/A1V4ImzMgMBmZTM8
14;4 986;bulldozer_51;Чат;https://t.me/bulldozer_51
15;1 533;dropovody1;Чат;https://t.me/dropovody1
16;1 624;SriviUrokov;Чат;https://t.me/SriviUrokov
17;19 872;fsOs5svwW34zNmUy;Чат;https://t.me/fsOs5svwW34zNmUy
18;1 546;CGf7r5JCwJlmMjhi;Чат;https://t.me/CGf7r5JCwJlmMjhi
19;2 569;H1ASri757INjM2Vi;Чат;https://t.me/H1ASri757INjM2Vi
20;1 843;oNxyQJIGsdkzZDc0;Чат;https://t.me/oNxyQJIGsdkzZDc0
21;1 055;oT9gGWAzhA5kZGQy;Чат;https://t.me/oT9gGWAzhA5kZGQy
22;2 487;doxbin70;Чат;https://t.me/doxbin70
23;1 583;bDJquRVP3B4yMjc0;Чат;https://t.me/bDJquRVP3B4yMjc0
24;1 719;abuzclubss;Чат;https://t.me/abuzclubss
25;1 144;AxDElsQHpXsyMTQy;Чат;https://t.me/AxDElsQHpXsyMTQy
26;2 094;ERRORkyc;Чат;https://t.me/ERRORkyc
27;377;jojo_and_yoyo;Чат;https://t.me/jojo_and_yoyo
28;1 750;fe0BZ2lPIJszZDZi;Чат;https://t.me/fe0BZ2lPIJszZDZi
29;17 746;zarabotok_tor;Чат;https://t.me/zarabotok_tor
30;1 397;DarkNetStoreChat;Чат;https://t.me/DarkNetStoreChat
31;2 036;Zl0yTeam;Чат;https://t.me/Zl0yTeam
32;2 574;hDPQsUT7YEljNzc8;Чат;https://t.me/hDPQsUT7YEljNzc8
33;513;carding_chatik;Чат;https://t.me/carding_chatik
34;7 056;CyberSpyPro;Чат;https://t.me/CyberSpyPro
35;672;chatinterpro;Чат;https://t.me/chatinterpro
36;736;dBwVVyQ4RsszZTNi;Чат;https://t.me/dBwVVyQ4RsszZTNi
37;981;ABUZYCLYGI;Чат;https://t.me/ABUZYCLYGI
38;762;xDoZP_o7f2Q1OWQy;Чат;https://t.me/xDoZP_o7f2Q1OWQy
39;457;chatbases_brute;Чат;https://t.me/chatbases_brute
40;1 636;trolling05;Чат;https://t.me/trolling05
41;514;RkanavaChat;Чат;https://t.me/RkanavaChat
42;566;LVSk1tQQ1304YTUy;Чат;https://t.me/LVSk1tQQ1304YTUy
43;509;skamil_mamonta1;Чат;https://t.me/skamil_mamonta1
44;827;0uqYSe9PjC4wMjVi;Чат;https://t.me/0uqYSe9PjC4wMjVi
45;397;doxchatlik;Чат;https://t.me/doxchatlik
46;2 122;cashout7;Чат;https://t.me/cashout7
47;7 368;lqtours;Чат;https://t.me/lqtours
48;333;zarabotokXXX1990;Чат;https://t.me/zarabotokXXX1990
49;26 348;ZelenkaUslugi;Чат;https://t.me/ZelenkaUslugi
50;573;generation_of_reliance;Чат;https://t.me/generation_of_reliance
51;297;jG9Wdi4c1GthZmVi;Чат;https://t.me/jG9Wdi4c1GthZmVi
52;1 168;lucifer_legion666;Чат;https://t.me/lucifer_legion666
53;301;0Ezv0y4BWpZkZDU1;Чат;https://t.me/0Ezv0y4BWpZkZDU1
54;465;As_Gardex;Чат;https://t.me/As_Gardex
55;338;protelegrama;Чат;https://t.me/protelegrama
56;2 127;totchat1;Чат;https://t.me/totchat1
57;162;g2fyYt2qJwo3NTIy;Чат;https://t.me/g2fyYt2qJwo3NTIy
58;624;bm_kzn;Чат;https://t.me/bm_kzn
59;248;tGw65FBPDUo1MzU5;Чат;https://t.me/tGw65FBPDUo1MzU5
60;183;Mordor20;Чат;https://t.me/Mordor20
61;674;hGi08jXKTH4yNmRi;Чат;https://t.me/hGi08jXKTH4yNmRi
62;268;isdef_official;Чат;https://t.me/isdef_official
63;14 464;RIfkr0Cmk2ZlMzYy;Чат;https://t.me/RIfkr0Cmk2ZlMzYy
64;1 386;venatorchat;Чат;https://t.me/venatorchat
65;2 317;Bc5qFB7ZoxFjYjg0;Чат;https://t.me/Bc5qFB7ZoxFjYjg0
66;516;l3Gm-1tIrh4yNDUy;Чат;https://t.me/l3Gm-1tIrh4yNDUy
67;959;mK8JhpoikIFhNjFi;Чат;https://t.me/mK8JhpoikIFhNjFi
68;1 669;BULDpG-c4I5iOGY8;Чат;https://t.me/BULDpG-c4I5iOGY8
69;9 095;vipsotovie;Чат;https://t.me/vipsotovie
70;826;uslugijohhni;Чат;https://t.me/uslugijohhni
71;525;SdVBdeKc2DEzY2Ri;Чат;https://t.me/SdVBdeKc2DEzY2Ri
72;216;TPt1GbWXRAFmM2Uy;Чат;https://t.me/TPt1GbWXRAFmM2Uy
73;558;AndraxRU;Чат;https://t.me/AndraxRU
74;3 019;LolzUslugi;Чат;https://t.me/LolzUslugi
75;118;prohod228;Чат;https://t.me/prohod228
76;724;JJB4WqB37C1iODUy;Чат;https://t.me/JJB4WqB37C1iODUy
77;417;h_0sKHyyvpk3MTk1;Чат;https://t.me/h_0sKHyyvpk3MTk1
78;126;GfLgIYvcnzBkOWFi;Чат;https://t.me/GfLgIYvcnzBkOWFi
79;157;servisNDS;Чат;https://t.me/servisNDS
80;1 024;swap_tm;Чат;https://t.me/swap_tm
81;1 206;cUM4uB7KUWA1Zjcy;Чат;https://t.me/cUM4uB7KUWA1Zjcy
82;1 549;Xakeptut;Чат;https://t.me/Xakeptut
83;269;5TjUyPu82OhjNWEx;Чат;https://t.me/5TjUyPu82OhjNWEx
84;564;fixforexgroup;Чат;https://t.me/fixforexgroup
85;173;gettgonews;Чат;https://t.me/gettgonews
86;79;xrobotchat;Чат;https://t.me/xrobotchat
87;164;zphc_chat;Чат;https://t.me/zphc_chat
88;67;PL8_BbMD1mY1ZmVi;Чат;https://t.me/PL8_BbMD1mY1ZmVi
89;733;8PTm051CfpphMGFi;Чат;https://t.me/8PTm051CfpphMGFi
90;336;S9rn0qiQAXU3NWVk;Чат;https://t.me/S9rn0qiQAXU3NWVk
91;169;NETSTALKER101;Чат;https://t.me/NETSTALKER101
92;175;TEE_3CWdc1w3NTZi;Чат;https://t.me/TEE_3CWdc1w3NTZi
93;2 051;6XguRz34_7w2ZDg0;Чат;https://t.me/6XguRz34_7w2ZDg0
94;31;veriffychat;Чат;https://t.me/veriffychat
95;50;n3wxPThW9KhiZTEy;Чат;https://t.me/n3wxPThW9KhiZTEy
96;65;lightstresschat;Чат;https://t.me/lightstresschat
97;101;arena_toxic;Чат;https://t.me/arena_toxic
98;200;litecashman;Чат;https://t.me/litecashman
99;188;darkrocketchat;Чат;https://t.me/darkrocketchat
100;622;bazza_LPR;Чат;https://t.me/bazza_LPR
