№;Число подписчиков;Username;Тип;Ссылка Telegram
1;22 477;id1659080958;Чат;https://t.me/id1659080958
2;10 028;taroopiar;Чат;https://t.me/taroopiar
3;45 342;fabulaa;Чат;https://t.me/fabulaa
4;5 827;UFn7cyLKZlE1Y2E6;Чат;https://t.me/UFn7cyLKZlE1Y2E6
5;6 242;novoe_probujdenie_chelovechestva;Чат;https://t.me/novoe_probujdenie_chelovechestva
6;3 503;Taropiarezo;Чат;https://t.me/Taropiarezo
7;7 983;chatw_taro;Чат;https://t.me/chatw_taro
8;5 697;Astro_Logy8;Чат;https://t.me/Astro_Logy8
9;4 516;klub_zdravih;Чат;https://t.me/klub_zdravih
10;810;magiyarunes;Чат;https://t.me/magiyarunes
11;466;id1553008282;Чат;https://t.me/id1553008282
12;1 152;tarotpiarchat12;Чат;https://t.me/tarotpiarchat12
13;1 249;taro_piarchat;Чат;https://t.me/taro_piarchat
14;1 910;online_praktika;Чат;https://t.me/online_praktika
15;11 218;duikochat;Чат;https://t.me/duikochat
16;19 086;evomscw;Чат;https://t.me/evomscw
17;5 891;bereginay1;Чат;https://t.me/bereginay1
18;3 613;tarobushki;Чат;https://t.me/tarobushki
19;2 737;chat_ezo_piar;Чат;https://t.me/chat_ezo_piar
20;1 378;esotericmagic13;Чат;https://t.me/esotericmagic13
21;1 913;tarotchatj;Чат;https://t.me/tarotchatj
22;1 012;znaxar55;Чат;https://t.me/znaxar55
23;1 958;radost_uma;Чат;https://t.me/radost_uma
24;1 816;ezo_Pavlin;Чат;https://t.me/ezo_Pavlin
25;2 061;taropiarchat_1;Чат;https://t.me/taropiarchat_1
26;950;withlovepiar;Чат;https://t.me/withlovepiar
27;1 672;taropiarthat;Чат;https://t.me/taropiarthat
28;8 167;evosochi;Чат;https://t.me/evosochi
29;3 728;olegpersidski_chat;Чат;https://t.me/olegpersidski_chat
30;1 193;chat_taro_1;Чат;https://t.me/chat_taro_1
31;1 484;ezoterika_kras;Чат;https://t.me/ezoterika_kras
32;33 993;goevolution;Чат;https://t.me/goevolution
33;1 145;Vopros_yasnovidyashey;Чат;https://t.me/Vopros_yasnovidyashey
34;13 773;T7vbiKtJLkFlMTcy;Чат;https://t.me/T7vbiKtJLkFlMTcy
35;973;PiarchatTarot;Чат;https://t.me/PiarchatTarot
36;1 209;sonnikMagickuma;Чат;https://t.me/sonnikMagickuma
37;4 191;chat_taro;Чат;https://t.me/chat_taro
38;5 682;notoneone_chat;Чат;https://t.me/notoneone_chat
39;47 483;runyruns;Чат;https://t.me/runyruns
40;517;volshebstvo511;Чат;https://t.me/volshebstvo511
41;812;chatikpiarvzLISA;Чат;https://t.me/chatikpiarvzLISA
42;286;astro_s_ena;Чат;https://t.me/astro_s_ena
43;1 091;TVExtra_RU;Чат;https://t.me/TVExtra_RU
44;5 638;Kg8Ew0WdiNlhNDJi;Чат;https://t.me/Kg8Ew0WdiNlhNDJi
45;3 652;ezoterika_rossiya;Чат;https://t.me/ezoterika_rossiya
46;957;piar_ezori;Чат;https://t.me/piar_ezori
47;541;chat_exstrasensov_bitva;Чат;https://t.me/chat_exstrasensov_bitva
48;2 049;Vwr5nvg9MGzl7ljf;Чат;https://t.me/Vwr5nvg9MGzl7ljf
49;448;id1999208977;Чат;https://t.me/id1999208977
50;877;TAROPIAR_CHAT;Чат;https://t.me/TAROPIAR_CHAT
51;1 719;razbudi_silu;Чат;https://t.me/razbudi_silu
52;3 617;mir8chat;Чат;https://t.me/mir8chat
53;856;PR_magic_oraculum;Чат;https://t.me/PR_magic_oraculum
54;794;piarchaezo;Чат;https://t.me/piarchaezo
55;861;PIAR_C4AT;Чат;https://t.me/PIAR_C4AT
56;746;piarchat_ri;Чат;https://t.me/piarchat_ri
57;417;hmElena71;Чат;https://t.me/hmElena71
58;723;piar_tarott;Чат;https://t.me/piar_tarott
59;2 825;faza_talk;Чат;https://t.me/faza_talk
60;9 885;transerfing_tafti;Чат;https://t.me/transerfing_tafti
61;9 842;Taro_Prostranstvo;Чат;https://t.me/Taro_Prostranstvo
62;891;prootlivki;Чат;https://t.me/prootlivki
63;427;voodushevlytor_chat;Чат;https://t.me/voodushevlytor_chat
64;5 933;mudrecAkashi;Чат;https://t.me/mudrecAkashi
65;910;FwbV8EutQq3Y-u_rmRxVvQ;Чат;https://t.me/FwbV8EutQq3Y-u_rmRxVvQ
66;17 678;O_soznay;Чат;https://t.me/O_soznay
67;844;gadanie_tarots;Чат;https://t.me/gadanie_tarots
68;2 903;prostransvomari;Чат;https://t.me/prostransvomari
69;21 317;psihologiya_foryou;Чат;https://t.me/psihologiya_foryou
70;5 184;NqX_K-BlQZFlNTYy;Чат;https://t.me/NqX_K-BlQZFlNTYy
71;600;SOS_tarot;Чат;https://t.me/SOS_tarot
72;3 903;Pathshaman;Чат;https://t.me/Pathshaman
73;535;piartaro;Чат;https://t.me/piartaro
74;461;taro_pr_chat;Чат;https://t.me/taro_pr_chat
75;1 058;dU_cpDiqiHJmMzc0;Чат;https://t.me/dU_cpDiqiHJmMzc0
76;846;magic_oraculum_free_raskladi;Чат;https://t.me/magic_oraculum_free_raskladi
77;932;tarologs_help;Чат;https://t.me/tarologs_help
78;764;e94vCY1pFxxlZWYy;Чат;https://t.me/e94vCY1pFxxlZWYy
79;1 209;latex_fashion_club;Чат;https://t.me/latex_fashion_club
80;2 531;4DxeO35oa7dkYWMy;Чат;https://t.me/4DxeO35oa7dkYWMy
81;1 178;kaliningrad_people;Чат;https://t.me/kaliningrad_people
82;1 582;metaisskra_chat;Чат;https://t.me/metaisskra_chat
83;1 163;biolokatsiya;Чат;https://t.me/biolokatsiya
84;6 502;exogipnoz;Чат;https://t.me/exogipnoz
85;368;intuition_my_chat;Чат;https://t.me/intuition_my_chat
86;391;id1321760889;Чат;https://t.me/id1321760889
87;444;dRSzSSbIEHExYzUy;Чат;https://t.me/dRSzSSbIEHExYzUy
88;2 069;vJYO3GBz7mQzZGVi;Чат;https://t.me/vJYO3GBz7mQzZGVi
89;1 093;tvoigrimuar;Чат;https://t.me/tvoigrimuar
90;2 416;taro_chat_taro;Чат;https://t.me/taro_chat_taro
91;23 576;matrix2022new;Чат;https://t.me/matrix2022new
92;7 961;ARTiFact_3;Чат;https://t.me/ARTiFact_3
93;2 693;kosmo_potok;Чат;https://t.me/kosmo_potok
94;1 185;practics_energy;Чат;https://t.me/practics_energy
95;1 275;esotericpractice;Чат;https://t.me/esotericpractice
96;1 690;the_path_to_magic;Чат;https://t.me/the_path_to_magic
97;11 124;tensor_ring;Чат;https://t.me/tensor_ring
98;1 677;eramilagra;Чат;https://t.me/eramilagra
99;636;beseda_tarologov;Чат;https://t.me/beseda_tarologov
100;1 054;zaday_horar;Чат;https://t.me/zaday_horar
