№;Название;Username;Тип;Ссылка Telegram
1;49 193;steal_a_brainrota9;Чат;https://t.me/steal_a_brainrota9
2;71 234;OHUENKOchat;Чат;https://t.me/OHUENKOchat
3;96 619;BybitRussian;Чат;https://t.me/BybitRussian
4;21 493;vseznayka_chat;Чат;https://t.me/vseznayka_chat
5;44 469;wallet_news_chat;Чат;https://t.me/wallet_news_chat
6;23 233;web_investors;Чат;https://t.me/web_investors
7;27 958;cryptancichat;Чат;https://t.me/cryptancichat
8;1 717;cldfor;Чат;https://t.me/cldfor
9;35 807;TonFarm4at;Чат;https://t.me/TonFarm4at
10;9 381;starpetsgg_chat;Чат;https://t.me/starpetsgg_chat
11;15 224;RusCryptEx;Чат;https://t.me/RusCryptEx
12;25 474;MEXCRussianOfficial;Чат;https://t.me/MEXCRussianOfficial
13;13 013;crypto_exchangea;Чат;https://t.me/crypto_exchangea
14;12 728;mining_irkutskk;Чат;https://t.me/mining_irkutskk
15;12 516;bears_otc;Чат;https://t.me/bears_otc
16;92 818;Hmstr_GameDev_Heroes_Chat;Чат;https://t.me/Hmstr_GameDev_Heroes_Chat
17;7 622;exchange_usdt_aed;Чат;https://t.me/exchange_usdt_aed
18;8 903;IqgDfEgShLuEX5W8b6L-hg;Чат;https://t.me/IqgDfEgShLuEX5W8b6L-hg
19;9 590;MgGroupChat;Чат;https://t.me/MgGroupChat
20;17 170;pitupishka;Чат;https://t.me/pitupishka
21;14 814;incrypted_chat;Чат;https://t.me/incrypted_chat
22;12 898;otc_gucci;Чат;https://t.me/otc_gucci
23;6 308;generalsharks;Чат;https://t.me/generalsharks
24;4 420;chat1win111;Чат;https://t.me/chat1win111
25;13 019;chat24;Чат;https://t.me/chat24
26;6 642;mrDoberMine;Чат;https://t.me/mrDoberMine
27;5 438;Bahajon96;Чат;https://t.me/Bahajon96
28;89 068;obmen_valyut_kripty;Чат;https://t.me/obmen_valyut_kripty
29;58 660;okx_russian;Чат;https://t.me/okx_russian
30;13 479;closedp2ps;Чат;https://t.me/closedp2ps
31;3 398;silent_updates3;Чат;https://t.me/silent_updates3
32;10 733;leomining_market;Чат;https://t.me/leomining_market
33;24 691;CryptoBotRussian;Чат;https://t.me/CryptoBotRussian
34;11 962;BingXRussian;Чат;https://t.me/BingXRussian
35;3 803;WinsMoney_chat;Чат;https://t.me/WinsMoney_chat
36;8 595;ROSSIARABOTA;Чат;https://t.me/ROSSIARABOTA
37;5 730;airdrop_ref_chat;Чат;https://t.me/airdrop_ref_chat
38;5 770;KSTOVO_52;Чат;https://t.me/KSTOVO_52
39;7 473;digitality_chat;Чат;https://t.me/digitality_chat
40;1 630;gift_alerts_chat;Чат;https://t.me/gift_alerts_chat
41;38 962;satoshifriends;Чат;https://t.me/satoshifriends
42;53 162;VelesCommunityRu;Чат;https://t.me/VelesCommunityRu
43;6 118;BitcoinersRUSIA;Чат;https://t.me/BitcoinersRUSIA
44;6 793;CosmosEcosystem_ru;Чат;https://t.me/CosmosEcosystem_ru
45;7 451;Mining_ABH;Чат;https://t.me/Mining_ABH
46;7 759;uris_change;Чат;https://t.me/uris_change
47;4 990;mining_ferma_ru;Чат;https://t.me/mining_ferma_ru
48;12 131;seregasoleniy;Чат;https://t.me/seregasoleniy
49;18 526;mineinvest38;Чат;https://t.me/mineinvest38
50;7 655;Gagarin_talk;Чат;https://t.me/Gagarin_talk
51;2 189;samirpodarokk;Чат;https://t.me/samirpodarokk
52;6 764;blckbazaar;Чат;https://t.me/blckbazaar
53;3 046;kopeechka77;Чат;https://t.me/kopeechka77
54;4 481;MDKripta;Чат;https://t.me/MDKripta
55;8 962;nftsaIechat;Чат;https://t.me/nftsaIechat
56;9 355;investscommunity;Чат;https://t.me/investscommunity
57;2 316;VibeeExchange24;Чат;https://t.me/VibeeExchange24
58;6 579;avitoverifff;Чат;https://t.me/avitoverifff
59;5 972;ncIGO_Bounty;Чат;https://t.me/ncIGO_Bounty
60;43 044;bitpapa_com_chat_ru;Чат;https://t.me/bitpapa_com_chat_ru
61;3 586;miners38;Чат;https://t.me/miners38
62;4 485;q_mining;Чат;https://t.me/q_mining
63;8 229;cryptorg_rus;Чат;https://t.me/cryptorg_rus
64;54 458;BinanceRussianSpeaking;Чат;https://t.me/BinanceRussianSpeaking
65;18 880;RBCCrypto_forum;Чат;https://t.me/RBCCrypto_forum
66;3 815;piarta;Чат;https://t.me/piarta
67;7 169;obmenLPRobnal;Чат;https://t.me/obmenLPRobnal
68;21 492;SCryptOTC;Чат;https://t.me/SCryptOTC
69;3 708;digitaldef;Чат;https://t.me/digitaldef
70;4 838;mining_rush;Чат;https://t.me/mining_rush
71;19 542;cscalp_crypto;Чат;https://t.me/cscalp_crypto
72;6 795;unilive_chat;Чат;https://t.me/unilive_chat
73;4 042;cryptoobmencrimea;Чат;https://t.me/cryptoobmencrimea
74;24 003;FoisO1Ge70JnvvyaFMdBsQ;Чат;https://t.me/FoisO1Ge70JnvvyaFMdBsQ
75;50 407;ApeXdex;Чат;https://t.me/ApeXdex
76;2 200;ref_crypto0;Чат;https://t.me/ref_crypto0
77;36 155;stepnru;Чат;https://t.me/stepnru
78;10 228;NFTmarketWill;Чат;https://t.me/NFTmarketWill
79;7 463;IDOresearch_chat;Чат;https://t.me/IDOresearch_chat
80;7 646;kufarcrypto;Чат;https://t.me/kufarcrypto
81;5 595;CryptoFrontManChat;Чат;https://t.me/CryptoFrontManChat
82;1 087;CryptoHamsterChat;Чат;https://t.me/CryptoHamsterChat
83;2 700;exchange1ufa;Чат;https://t.me/exchange1ufa
84;4 321;mining_oborydovanie;Чат;https://t.me/mining_oborydovanie
85;11 947;wepad_ru;Чат;https://t.me/wepad_ru
86;15 046;emcd_community;Чат;https://t.me/emcd_community
87;7 207;Reklama_grami;Чат;https://t.me/Reklama_grami
88;2 706;CryptoChangeMarket;Чат;https://t.me/CryptoChangeMarket
89;2 528;cryptogorbushka;Чат;https://t.me/cryptogorbushka
90;39 967;tutminers;Чат;https://t.me/tutminers
91;1 488;Grow_a_Garden_community;Чат;https://t.me/Grow_a_Garden_community
92;22 042;irk_miners;Чат;https://t.me/irk_miners
93;12 730;smartholdem;Чат;https://t.me/smartholdem
94;16 562;proton_chatroom;Чат;https://t.me/proton_chatroom
95;1 767;Obmen_No1_public;Чат;https://t.me/Obmen_No1_public
96;6 386;BlackListBybit;Чат;https://t.me/BlackListBybit
97;11 620;DiaverseGame;Чат;https://t.me/DiaverseGame
98;4 146;ZQ9za35nmi45ZTEy;Чат;https://t.me/ZQ9za35nmi45ZTEy
99;2 408;chat_anton;Чат;https://t.me/chat_anton
100;1 623;MinerBoard_chat;Чат;https://t.me/MinerBoard_chat
