№;количество подписчиков;Username;Тип;Ссылка Telegram
1;36 530;chat_fonbet;Чат;https://t.me/chat_fonbet
2;8 879;ton_chek_ton;Чат;https://t.me/ton_chek_ton
3;115 224;gram_chatik;Чат;https://t.me/gram_chatik
4;21 994;qq1win;Чат;https://t.me/qq1win
5;3 260;nationallotery_chat;Чат;https://t.me/nationallotery_chat
6;28 202;chatriobet;Чат;https://t.me/chatriobet
7;1 601;betcity_chat;Чат;https://t.me/betcity_chat
8;16 616;solovyevchat;Чат;https://t.me/solovyevchat
9;16 642;pokerok_official_chat;Чат;https://t.me/pokerok_official_chat
10;640;shnyakchat;Чат;https://t.me/shnyakchat
11;7 281;rabotaemkras;Чат;https://t.me/rabotaemkras
12;5 985;bc_pari_esports_chat;Чат;https://t.me/bc_pari_esports_chat
13;5 554;Game_time_chat;Чат;https://t.me/Game_time_chat
14;5 010;banda_chat;Чат;https://t.me/banda_chat
15;18 624;Mercury_Betting;Чат;https://t.me/Mercury_Betting
16;6 947;bulldrop_group;Чат;https://t.me/bulldrop_group
17;7 417;stavkatv_comments;Чат;https://t.me/stavkatv_comments
18;6 035;BestPiar;Чат;https://t.me/BestPiar
19;49 516;danludan_chat3;Чат;https://t.me/danludan_chat3
20;2 540;chattematotal;Чат;https://t.me/chattematotal
21;17 036;pokerdomchat_new;Чат;https://t.me/pokerdomchat_new
22;6 491;leebet_ru_chat;Чат;https://t.me/leebet_ru_chat
23;6 396;flagmanofficial_chat;Чат;https://t.me/flagmanofficial_chat
24;22 642;CasinoLudomaniaChatik;Чат;https://t.me/CasinoLudomaniaChatik
25;3 100;bulldroph;Чат;https://t.me/bulldroph
26;17 037;clowntonchat;Чат;https://t.me/clowntonchat
27;2 889;totalmore;Чат;https://t.me/totalmore
28;3 490;ISlotor;Чат;https://t.me/ISlotor
29;8 332;bezdepmarket;Чат;https://t.me/bezdepmarket
30;6 784;yJEpBvNuGlliYjk6;Чат;https://t.me/yJEpBvNuGlliYjk6
31;1 861;IsaichChat;Чат;https://t.me/IsaichChat
32;5 204;slotor_free_chat;Чат;https://t.me/slotor_free_chat
33;3 865;spinbetter_chat;Чат;https://t.me/spinbetter_chat
34;4 243;roxofficial_chat;Чат;https://t.me/roxofficial_chat
35;3 982;baccaratstat;Чат;https://t.me/baccaratstat
36;7 224;xslotschat;Чат;https://t.me/xslotschat
37;4 848;Gambling_youtube;Чат;https://t.me/Gambling_youtube
38;11 820;casino_chat_online;Чат;https://t.me/casino_chat_online
39;1 120;chat_pokerru;Чат;https://t.me/chat_pokerru
40;8 144;martinofficial_chat;Чат;https://t.me/martinofficial_chat
41;2 020;bookmakerssale;Чат;https://t.me/bookmakerssale
42;1 593;stormb_chat;Чат;https://t.me/stormb_chat
43;2 748;#ИМЯ?;Чат;https://t.me/-gd_cxm9ou85ODUy
44;2 218;accountsmarketbk;Чат;https://t.me/accountsmarketbk
45;3 829;vbcchat;Чат;https://t.me/vbcchat
46;3 624;cactuschatru;Чат;https://t.me/cactuschatru
47;9 781;pragmatic_online;Чат;https://t.me/pragmatic_online
48;9 217;rGxFg0xeztkyNWU6;Чат;https://t.me/rGxFg0xeztkyNWU6
49;1 440;Ludo_chat;Чат;https://t.me/Ludo_chat
50;13 278;Ludobzorchat;Чат;https://t.me/Ludobzorchat
51;2 465;ludoman_popan;Чат;https://t.me/ludoman_popan
52;3 328;redstarpoker_chat;Чат;https://t.me/redstarpoker_chat
53;1 143;UPXDA;Чат;https://t.me/UPXDA
54;3 928;pokupkabkchat;Чат;https://t.me/pokupkabkchat
55;1 173;ggggambla;Чат;https://t.me/ggggambla
56;1 811;casinopluha;Чат;https://t.me/casinopluha
57;2 885;pdcasinochat;Чат;https://t.me/pdcasinochat
58;4 807;pgsoft_top;Чат;https://t.me/pgsoft_top
59;3 820;S1GMNG;Чат;https://t.me/S1GMNG
60;8 544;ludo_crazy_chat;Чат;https://t.me/ludo_crazy_chat
61;7 551;RWWJ2q6fUws3MDVi;Чат;https://t.me/RWWJ2q6fUws3MDVi
62;13 206;FriendClubPoker;Чат;https://t.me/FriendClubPoker
63;9 637;Novomatic_com;Чат;https://t.me/Novomatic_com
64;1 378;bigrussiansquad;Чат;https://t.me/bigrussiansquad
65;7 155;bolliwood_chat;Чат;https://t.me/bolliwood_chat
66;11 186;avtorynok_sterlitamak;Чат;https://t.me/avtorynok_sterlitamak
67;10 663;autorynok_chelyabinska;Чат;https://t.me/autorynok_chelyabinska
68;11 303;autorynok_orenburg;Чат;https://t.me/autorynok_orenburg
69;3 752;Gambling_Affiliates_chat1;Чат;https://t.me/Gambling_Affiliates_chat1
70;1 074;CHATUPXER;Чат;https://t.me/CHATUPXER
71;2 196;momentscasino;Чат;https://t.me/momentscasino
72;8 141;JJbuxtachat;Чат;https://t.me/JJbuxtachat
73;1 478;pinupcasinochat;Чат;https://t.me/pinupcasinochat
74;1 443;redstarchat;Чат;https://t.me/redstarchat
75;2 463;BezdepozitniBonus;Чат;https://t.me/BezdepozitniBonus
76;921;CASINOVIPCHAT;Чат;https://t.me/CASINOVIPCHAT
77;2 005;piarchat_dm;Чат;https://t.me/piarchat_dm
78;1 010;rbchatss;Чат;https://t.me/rbchatss
79;1 671;tka1605welvura;Чат;https://t.me/tka1605welvura
80;20 728;CasinoChat15;Чат;https://t.me/CasinoChat15
81;3 398;igrochat_tg;Чат;https://t.me/igrochat_tg
82;912;chat_stavki_sport;Чат;https://t.me/chat_stavki_sport
83;3 806;gamblingaff;Чат;https://t.me/gamblingaff
84;1 929;CasinoChatBudka;Чат;https://t.me/CasinoChatBudka
85;718;EocNuaSuc5BmNGM0;Чат;https://t.me/EocNuaSuc5BmNGM0
86;44 876;BR9FKYhapMk5NGZi;Чат;https://t.me/BR9FKYhapMk5NGZi
87;1 109;ProdatBuka;Чат;https://t.me/ProdatBuka
88;2 657;zanoschatcasino;Чат;https://t.me/zanoschatcasino
89;995;stavkistavi;Чат;https://t.me/stavkistavi
90;2 061;ludo_chat_tg;Чат;https://t.me/ludo_chat_tg
91;1 174;chat_beton;Чат;https://t.me/chat_beton
92;2 641;pokerton_chat_ru;Чат;https://t.me/pokerton_chat_ru
93;10 131;lex_casino_chat;Чат;https://t.me/lex_casino_chat
94;3 279;stavki_prognozy_dogovornie_match;Чат;https://t.me/stavki_prognozy_dogovornie_match
95;1 154;pEpqUWzi4PdmNzhi;Чат;https://t.me/pEpqUWzi4PdmNzhi
96;3 921;PsuUDw6FaIJhMGZi;Чат;https://t.me/PsuUDw6FaIJhMGZi
97;473;cybergoldchat;Чат;https://t.me/cybergoldchat
98;1 007;PROF_A_CHAT;Чат;https://t.me/PROF_A_CHAT
99;584;casinootdel;Чат;https://t.me/casinootdel
100;1 059;zE2OQwsM3BgwM2I6;Чат;https://t.me/zE2OQwsM3BgwM2I6
