№;Количество учвстников;Username;Тип;Ссылка Telegram
1;12 435;cookiestock_chat;Чат;https://t.me/cookiestock_chat
2;9 775;bbchat;Чат;https://t.me/bbchat
3;10 540;obmenmskva;Чат;https://t.me/obmenmskva
4;11 807;obmenCPB;Чат;https://t.me/obmenCPB
5;12 039;obmensfo;Чат;https://t.me/obmensfo
6;3 582;hdcomment;Чат;https://t.me/hdcomment
7;7 943;dubai_exchang1;Чат;https://t.me/dubai_exchang1
8;8 996;gvzchat;Чат;https://t.me/gvzchat
9;5 785;WntGWZ-2q1s1MmU6;Чат;https://t.me/WntGWZ-2q1s1MmU6
10;27 190;fns_russia_chat;Чат;https://t.me/fns_russia_chat
11;9 133;chat_angrybonds;Чат;https://t.me/chat_angrybonds
12;13 176;obmen_valut_sng;Чат;https://t.me/obmen_valut_sng
13;15 906;obmenvalut_topchat;Чат;https://t.me/obmenvalut_topchat
14;9 573;buhruchat;Чат;https://t.me/buhruchat
15;8 813;moscow_currency;Чат;https://t.me/moscow_currency
16;8 014;klerkforum;Чат;https://t.me/klerkforum
17;4 595;Obmen_valyuty_moskva;Чат;https://t.me/Obmen_valyuty_moskva
18;1 292;lepehinchat;Чат;https://t.me/lepehinchat
19;2 433;invest_future_chat;Чат;https://t.me/invest_future_chat
20;6 200;alleurobondschat;Чат;https://t.me/alleurobondschat
21;5 756;invest_monitor;Чат;https://t.me/invest_monitor
22;11 803;InvesBizSochi;Чат;https://t.me/InvesBizSochi
23;4 385;razborkisfreedom;Чат;https://t.me/razborkisfreedom
24;4 186;InvestBizRus;Чат;https://t.me/InvestBizRus
25;3 129;exchangedubaiiii;Чат;https://t.me/exchangedubaiiii
26;32 569;obmenvalut_crypto;Чат;https://t.me/obmenvalut_crypto
27;3 388;creditmskv;Чат;https://t.me/creditmskv
28;7 914;nerungri_rabota;Чат;https://t.me/nerungri_rabota
29;8 358;obmenik_lugansk;Чат;https://t.me/obmenik_lugansk
30;8 700;InvestBizMos;Чат;https://t.me/InvestBizMos
31;12 195;1SpKBO4cLvllMmYy;Чат;https://t.me/1SpKBO4cLvllMmYy
32;9 071;InvestBizCrimea;Чат;https://t.me/InvestBizCrimea
33;2 359;currencyExchMsk;Чат;https://t.me/currencyExchMsk
34;11 235;ARTHURRATNERCHAT;Чат;https://t.me/ARTHURRATNERCHAT
35;2 072;russian_help_turkey;Чат;https://t.me/russian_help_turkey
36;4 432;LeadingITS;Чат;https://t.me/LeadingITS
37;8 365;markirovka_main;Чат;https://t.me/markirovka_main
38;2 414;iruschat;Чат;https://t.me/iruschat
39;4 927;Banki_Chat;Чат;https://t.me/Banki_Chat
40;2 476;uchetvshtp;Чат;https://t.me/uchetvshtp
41;3 709;Sfr_Irkutskoy_oblasti_38;Чат;https://t.me/Sfr_Irkutskoy_oblasti_38
42;7 483;zenmoneychat;Чат;https://t.me/zenmoneychat
43;1 195;druz_svid;Чат;https://t.me/druz_svid
44;18 336;topyc1C;Чат;https://t.me/topyc1C
45;8 239;bankovskijChat;Чат;https://t.me/bankovskijChat
46;40 190;unionpayru;Чат;https://t.me/unionpayru
47;2 637;razborkisbcs;Чат;https://t.me/razborkisbcs
48;3 498;vipmonitoring_chat;Чат;https://t.me/vipmonitoring_chat
49;7 622;InvestBizSouth;Чат;https://t.me/InvestBizSouth
50;19 084;refugecard;Чат;https://t.me/refugecard
51;452;eolW4v0PC41lMzcy;Чат;https://t.me/eolW4v0PC41lMzcy
52;4 255;obmen_dubaysk;Чат;https://t.me/obmen_dubaysk
53;2 596;exchange_bear;Чат;https://t.me/exchange_bear
54;9 180;kredit_business_chat;Чат;https://t.me/kredit_business_chat
55;2 462;russkoe_delo;Чат;https://t.me/russkoe_delo
56;42 384;a7337z;Чат;https://t.me/a7337z
57;11 320;GoodBonds;Чат;https://t.me/GoodBonds
58;4 779;A7RNEaZwGThiZjIy;Чат;https://t.me/A7RNEaZwGThiZjIy
59;6 436;InvestBizSpb;Чат;https://t.me/InvestBizSpb
60;5 171;creditkachat;Чат;https://t.me/creditkachat
61;1 740;ROSTFININVEST;Чат;https://t.me/ROSTFININVEST
62;2 195;ch_obmen;Чат;https://t.me/ch_obmen
63;1 163;if_stocks_chat;Чат;https://t.me/if_stocks_chat
64;4 983;BrokerCredlt;Чат;https://t.me/BrokerCredlt
65;12 165;banksailor;Чат;https://t.me/banksailor
66;4 718;projectnichat;Чат;https://t.me/projectnichat
67;6 076;InvestBizUslugi;Чат;https://t.me/InvestBizUslugi
68;10 768;fxcartel;Чат;https://t.me/fxcartel
69;2 455;rabotavmoskve007;Чат;https://t.me/rabotavmoskve007
70;117 351;obmenvmsk;Чат;https://t.me/obmenvmsk
71;2 514;Creditchatt;Чат;https://t.me/Creditchatt
72;2 134;Inkognito_trade;Чат;https://t.me/Inkognito_trade
73;5 916;realsdelka;Чат;https://t.me/realsdelka
74;3 665;kredituem;Чат;https://t.me/kredituem
75;5 924;InvestBizStroy;Чат;https://t.me/InvestBizStroy
76;1 128;EKvctCWrJIIwOTli;Чат;https://t.me/EKvctCWrJIIwOTli
77;3 376;creditbrokerss;Чат;https://t.me/creditbrokerss
78;9 597;obuchenie16;Чат;https://t.me/obuchenie16
79;4 375;dopensii_chat;Чат;https://t.me/dopensii_chat
80;5 247;InvestGaranti;Чат;https://t.me/InvestGaranti
81;9 144;stavkivklad;Чат;https://t.me/stavkivklad
82;1 706;Forex_Russia;Чат;https://t.me/Forex_Russia
83;3 421;BankiCredity;Чат;https://t.me/BankiCredity
84;9 001;tdm_ap;Чат;https://t.me/tdm_ap
85;2 843;obmen_valuty_moskva;Чат;https://t.me/obmen_valuty_moskva
86;6 003;InvestArenda;Чат;https://t.me/InvestArenda
87;1 208;id1759329819;Чат;https://t.me/id1759329819
88;5 422;InvestReal100;Чат;https://t.me/InvestReal100
89;5 027;exchange_ekb;Чат;https://t.me/exchange_ekb
90;4 007;InvestMosSpb;Чат;https://t.me/InvestMosSpb
91;4 183;BIZ50ANDMORE;Чат;https://t.me/BIZ50ANDMORE
92;4 721;invest_aigenis;Чат;https://t.me/invest_aigenis
93;5 086;InvestBizDiscount;Чат;https://t.me/InvestBizDiscount
94;6 167;OsagoForumRus;Чат;https://t.me/OsagoForumRus
95;5 737;InvestBizTrading;Чат;https://t.me/InvestBizTrading
96;15 815;chat_biznes_kadrovik;Чат;https://t.me/chat_biznes_kadrovik
97;5 231;trader_pattern_chat;Чат;https://t.me/trader_pattern_chat
98;19 812;goswift;Чат;https://t.me/goswift
99;4 109;id1277528296;Чат;https://t.me/id1277528296
100;6 433;coolbizzzz;Чат;https://t.me/coolbizzzz
