№;Количество подписчиков;Username;Тип;Ссылка Telegram
1;5 571;trendbookchat;Чат;https://t.me/trendbookchat
2;10 507;novel_ranobe;Чат;https://t.me/novel_ranobe
3;4 246;readwithevi;Чат;https://t.me/readwithevi
4;3 497;poety_chat;Чат;https://t.me/poety_chat
5;2 768;d0DRzyinvv1jYWIy;Чат;https://t.me/d0DRzyinvv1jYWIy
6;6 363;authors_of_litres;Чат;https://t.me/authors_of_litres
7;5 296;bookhome3market;Чат;https://t.me/bookhome3market
8;3 282;novelranobe;Чат;https://t.me/novelranobe
9;8 342;flibustafreebookbot_new;Чат;https://t.me/flibustafreebookbot_new
10;1 363;elenftchat;Чат;https://t.me/elenftchat
11;2 832;id1294647756;Чат;https://t.me/id1294647756
12;7 992;46depm6Y2n8zNGEy;Чат;https://t.me/46depm6Y2n8zNGEy
13;230;ADTI03QfAQdlNmQy;Чат;https://t.me/ADTI03QfAQdlNmQy
14;1 858;fentazi_knigi;Чат;https://t.me/fentazi_knigi
15;3 171;levashovchat;Чат;https://t.me/levashovchat
16;2 879;readerlitres;Чат;https://t.me/readerlitres
17;1 173;RzPqhvoCzAYm01m3;Чат;https://t.me/RzPqhvoCzAYm01m3
18;16 722;b0TgNOgW2_g0YWZi;Чат;https://t.me/b0TgNOgW2_g0YWZi
19;436;alex_d_books;Чат;https://t.me/alex_d_books
20;840;Aufan2;Чат;https://t.me/Aufan2
21;828;irenebookschat;Чат;https://t.me/irenebookschat
22;1 200;#ИМЯ?;Чат;https://t.me/-fmnm8Evh2U4OWJi
23;1 143;monstrochat;Чат;https://t.me/monstrochat
24;555;Audiodetektiv2;Чат;https://t.me/Audiodetektiv2
25;212;qb15WUFY2s5jMzIy;Чат;https://t.me/qb15WUFY2s5jMzIy
26;3 321;bookpiar;Чат;https://t.me/bookpiar
27;1 359;livelib_poboltaem;Чат;https://t.me/livelib_poboltaem
28;4 541;book_find;Чат;https://t.me/book_find
29;2 226;antonovna_reads;Чат;https://t.me/antonovna_reads
30;6 338;cappuccinarium_sklad;Чат;https://t.me/cappuccinarium_sklad
31;316;laNGATstUDczOGEy;Чат;https://t.me/laNGATstUDczOGEy
32;1 591;correctorat;Чат;https://t.me/correctorat
33;129;MdpcLNflXnthNzcy;Чат;https://t.me/MdpcLNflXnthNzcy
34;707;aknigichat;Чат;https://t.me/aknigichat
35;3 659;Books_fine_com;Чат;https://t.me/Books_fine_com
36;488;vityapelevin;Чат;https://t.me/vityapelevin
37;1 011;gateborderers;Чат;https://t.me/gateborderers
38;86;rainshouse_chat;Чат;https://t.me/rainshouse_chat
39;783;books_fine_find;Чат;https://t.me/books_fine_find
40;580;Bib_Ezo;Чат;https://t.me/Bib_Ezo
41;7 682;Zettelkasten_ru;Чат;https://t.me/Zettelkasten_ru
42;672;zjtalnj;Чат;https://t.me/zjtalnj
43;32;id1358901281;Чат;https://t.me/id1358901281
44;116;GAGeekKommets;Чат;https://t.me/GAGeekKommets
45;154;Zzl7DexDi45iNzJi;Чат;https://t.me/Zzl7DexDi45iNzJi
46;211;E3gTdmuco9I5ZTcy;Чат;https://t.me/E3gTdmuco9I5ZTcy
47;3 575;f1rstfloor;Чат;https://t.me/f1rstfloor
48;348;hOqWQyyMGSsyNTRi;Чат;https://t.me/hOqWQyyMGSsyNTRi
49;270;fPInLhpdeukwMjVi;Чат;https://t.me/fPInLhpdeukwMjVi
50;133;id1432601448;Чат;https://t.me/id1432601448
51;93;shubinaclub;Чат;https://t.me/shubinaclub
52;541;bookninjachat;Чат;https://t.me/bookninjachat
53;466;kniga_poisk;Чат;https://t.me/kniga_poisk
54;521;3iC2X26bGU8yYWZi;Чат;https://t.me/3iC2X26bGU8yYWZi
55;122;booktower;Чат;https://t.me/booktower
56;233;id1194555026;Чат;https://t.me/id1194555026
57;549;libkirova;Чат;https://t.me/libkirova
58;64;chatInterestingReading;Чат;https://t.me/chatInterestingReading
59;62;mama_bookss;Чат;https://t.me/mama_bookss
60;1 212;book_search5;Чат;https://t.me/book_search5
61;269;pisately;Чат;https://t.me/pisately
62;1 357;MTNovel;Чат;https://t.me/MTNovel
63;2 014;book_board_chat;Чат;https://t.me/book_board_chat
64;125;omni_mir_topic;Чат;https://t.me/omni_mir_topic
65;604;bibliotekaburmistrova;Чат;https://t.me/bibliotekaburmistrova
66;288;chd_book;Чат;https://t.me/chd_book
67;2 118;ReFicbook;Чат;https://t.me/ReFicbook
68;176;klubknig;Чат;https://t.me/klubknig
69;60;id1985245604;Чат;https://t.me/id1985245604
70;2 064;LightNovelPirate;Чат;https://t.me/LightNovelPirate
71;359;tri_chitatelya;Чат;https://t.me/tri_chitatelya
72;317;manga_bunny_chat;Чат;https://t.me/manga_bunny_chat
73;552;skaz_polka;Чат;https://t.me/skaz_polka
74;563;books_in_bunny_chat;Чат;https://t.me/books_in_bunny_chat
75;28;Ktopopa228;Чат;https://t.me/Ktopopa228
76;1 647;svidbook;Чат;https://t.me/svidbook
77;352;arabiclibraryonline;Чат;https://t.me/arabiclibraryonline
78;158;SaPmMMQft_A4NTIy;Чат;https://t.me/SaPmMMQft_A4NTIy
79;323;CT-XamDSDe00YTNi;Чат;https://t.me/CT-XamDSDe00YTNi
80;752;litportal;Чат;https://t.me/litportal
81;2 218;bookseek;Чат;https://t.me/bookseek
82;58;literclubchat;Чат;https://t.me/literclubchat
83;66;a_cup_of_mind;Чат;https://t.me/a_cup_of_mind
84;752;lovebook154;Чат;https://t.me/lovebook154
85;272;Knigi_PokupkaProdaja;Чат;https://t.me/Knigi_PokupkaProdaja
86;137;search_books;Чат;https://t.me/search_books
87;113;Nastya_Donskaja;Чат;https://t.me/Nastya_Donskaja
88;165;booksforapplicants1;Чат;https://t.me/booksforapplicants1
89;253;healstory;Чат;https://t.me/healstory
90;47;vcontextchat;Чат;https://t.me/vcontextchat
91;127;audioknigi_fantastika;Чат;https://t.me/audioknigi_fantastika
92;30;vtlIq0-f0WBjZWUy;Чат;https://t.me/vtlIq0-f0WBjZWUy
93;176;BookClub_NijniyNowgorod;Чат;https://t.me/BookClub_NijniyNowgorod
94;602;6WoerSJK9JtjMWRk;Чат;https://t.me/6WoerSJK9JtjMWRk
95;50;TOR81fts9u9vgU1S;Чат;https://t.me/TOR81fts9u9vgU1S
96;108;mkbestwritermk;Чат;https://t.me/mkbestwritermk
97;65;hyperbortalk;Чат;https://t.me/hyperbortalk
98;42;id1261809798;Чат;https://t.me/id1261809798
