№;Число подписчиков;Username;Тип;Ссылка Telegram;Описание
1;5 634;PiarChatArtist;Чат;https://t.me/PiarChatArtist;
2;3 864;sandra0piar;Чат;https://t.me/sandra0piar;
3;10 817;StableWaifuComments;Чат;https://t.me/StableWaifuComments;
4;2 848;rockkkcatsss;Чат;https://t.me/rockkkcatsss;
5;4 849;reklama_tvorchestva;Чат;https://t.me/reklama_tvorchestva;
6;1 619;piarchatsargan;Чат;https://t.me/piarchatsargan;
7;2 486;greenartists;Чат;https://t.me/greenartists;
8;1 959;Likacolordisney;Чат;https://t.me/Likacolordisney;
9;1 622;gggsadg573;Чат;https://t.me/gggsadg573;
10;2 179;chatafishavlru;Чат;https://t.me/chatafishavlru;
11;2 818;RAmi_oTZPSs1OWNi;Чат;https://t.me/RAmi_oTZPSs1OWNi;
12;1 461;arononore;Чат;https://t.me/arononore;
13;2 485;shuxws;Чат;https://t.me/shuxws;
14;1 747;kartiny_iskusstvo_zhivopis;Чат;https://t.me/kartiny_iskusstvo_zhivopis;
15;3 423;G9hKDnU3gzQ0NjAy;Чат;https://t.me/G9hKDnU3gzQ0NjAy;
16;1 192;jissusyyy;Чат;https://t.me/jissusyyy;
17;826;Piarshikkanalovv;Чат;https://t.me/Piarshikkanalovv;
18;3 323;kkdiscuss;Чат;https://t.me/kkdiscuss;
19;1 056;PIARCHATCATLOL;Чат;https://t.me/PIARCHATCATLOL;
20;6 722;egyptologysolkin;Чат;https://t.me/egyptologysolkin;
21;1 005;RDK_October;Чат;https://t.me/RDK_October;
22;5 287;smolaepoxyresin;Чат;https://t.me/smolaepoxyresin;
23;455;kremlinpalacechat;Чат;https://t.me/kremlinpalacechat;
24;856;piarchatkittikov;Чат;https://t.me/piarchatkittikov;
25;564;chatforartists;Чат;https://t.me/chatforartists;
26;1 376;i_am_artist_chat;Чат;https://t.me/i_am_artist_chat;
27;3 103;I-xELKqAKao3ZTYy;Чат;https://t.me/I-xELKqAKao3ZTYy;
28;930;wishikpiar;Чат;https://t.me/wishikpiar;
29;1 555;drawingchati;Чат;https://t.me/drawingchati;
30;699;chatvistaartista;Чат;https://t.me/chatvistaartista;
31;1 381;artistpiarchat;Чат;https://t.me/artistpiarchat;
32;401;esenin_dancecenter;Чат;https://t.me/esenin_dancecenter;
33;546;kenig_dance;Чат;https://t.me/kenig_dance;
34;3 524;floristyru;Чат;https://t.me/floristyru;
35;1 509;theatersamaraclub;Чат;https://t.me/theatersamaraclub;
36;1 886;plamenev;Чат;https://t.me/plamenev;
37;779;piarchatskaldnarush;Чат;https://t.me/piarchatskaldnarush;
38;854;blenderland;Чат;https://t.me/blenderland;
39;668;mewmet5rooms;Чат;https://t.me/mewmet5rooms;
40;1 173;Ahtari_RDK;Чат;https://t.me/Ahtari_RDK;
41;2 544;italiansketching;Чат;https://t.me/italiansketching;
42;1 609;artobmen;Чат;https://t.me/artobmen;
43;205;vodennikov_chat;Чат;https://t.me/vodennikov_chat;
44;3 306;kyltura_sakh;Чат;https://t.me/kyltura_sakh;
45;1 640;tsvetfest;Чат;https://t.me/tsvetfest;
46;426;dragonnovosti2;Чат;https://t.me/dragonnovosti2;
47;543;id1665107956;Чат;https://t.me/id1665107956;
48;318;samaialychshaiagrupa;Чат;https://t.me/samaialychshaiagrupa;
49;131 864;reklamarolokanime;Чат;https://t.me/reklamarolokanime;
50;776;tancyulits;Чат;https://t.me/tancyulits;
51;142;tworchoplot;Чат;https://t.me/tworchoplot;
52;10;pizdeeecx;Чат;https://t.me/pizdeeecx;
53;171;risuno2;Чат;https://t.me/risuno2;
54;635;krasfolk_ru;Чат;https://t.me/krasfolk_ru;
55;313;pokraslampaschat;Чат;https://t.me/pokraslampaschat;
56;1 739;sodaburoclub;Чат;https://t.me/sodaburoclub;
57;634;TURA_Clay;Чат;https://t.me/TURA_Clay;
58;250;rusklad_chat;Чат;https://t.me/rusklad_chat;
59;369;win_zavod;Чат;https://t.me/win_zavod;
60;981;iodnt_irk;Чат;https://t.me/iodnt_irk;
61;259;idushiivmeste;Чат;https://t.me/idushiivmeste;
62;337;palitra23;Чат;https://t.me/palitra23;
63;4 638;govorilnyatosobaka;Чат;https://t.me/govorilnyatosobaka;
64;119;BrawlStarsWorkshopComments;Чат;https://t.me/BrawlStarsWorkshopComments;
65;260;entrapta_piar_chat;Чат;https://t.me/entrapta_piar_chat;
66;796;dkgorki10;Чат;https://t.me/dkgorki10;
67;474;VankavankaMSC;Чат;https://t.me/VankavankaMSC;
68;869;mincultrussiachat;Чат;https://t.me/mincultrussiachat;
69;548;YDFEST;Чат;https://t.me/YDFEST;
70;3 878;ArtGenerationMe;Чат;https://t.me/ArtGenerationMe;
71;14;defektivnaya;Чат;https://t.me/defektivnaya;
72;162;artpaintingchat;Чат;https://t.me/artpaintingchat;
73;1 656;newspacegallery;Чат;https://t.me/newspacegallery;
74;116;MariyaVitArtChat;Чат;https://t.me/MariyaVitArtChat;
75;3 622;scriptbank;Чат;https://t.me/scriptbank;
76;704;platnoart;Чат;https://t.me/platnoart;
77;71;safakadem;Чат;https://t.me/safakadem;
78;48;Olesya_BystrovaART;Чат;https://t.me/Olesya_BystrovaART;
79;319;piarchatfurry;Чат;https://t.me/piarchatfurry;
80;112;Chat_Piar_Artist;Чат;https://t.me/Chat_Piar_Artist;
81;298;newstyle_new;Чат;https://t.me/newstyle_new;
82;136;free_goers;Чат;https://t.me/free_goers;
83;295;artzheldor8;Чат;https://t.me/artzheldor8;
84;24;chatvbutter;Чат;https://t.me/chatvbutter;
85;168;prartpink;Чат;https://t.me/prartpink;
86;1 312;TopTalentTournament;Чат;https://t.me/TopTalentTournament;
87;431;PPosadCult;Чат;https://t.me/PPosadCult;
88;123;moskvichkatg_chat;Чат;https://t.me/moskvichkatg_chat;
89;404;ArtGALLERY_ndm;Чат;https://t.me/ArtGALLERY_ndm;
90;525;kmmuseum;Чат;https://t.me/kmmuseum;
91;242;MoldovacentrNN152;Чат;https://t.me/MoldovacentrNN152;
92;115;fuga_rt;Чат;https://t.me/fuga_rt;
93;309;dkmechta_dubna;Чат;https://t.me/dkmechta_dubna;
94;809;sdk_bric;Чат;https://t.me/sdk_bric;
95;2 425;Cat_and_dog_RU;Чат;https://t.me/Cat_and_dog_RU;
96;181;Beautytime_tv;Чат;https://t.me/Beautytime_tv;
97;109;pishu_pod;Чат;https://t.me/pishu_pod;
98;404;DK_Ozherelie;Чат;https://t.me/DK_Ozherelie;
99;646;planetangocup;Чат;https://t.me/planetangocup;
