"№";"Число подписчиков";"Username";"Тип";"Ссылка Telegram"
"1";"N/A";"free_edu";"Канал";"https://t.me/free_edu"
"2";"N/A";"moe_obrazovanie";"Канал";"https://t.me/moe_obrazovanie"
"3";"N/A";"p0DS7Q_P8nBiNDhi";"Канал";"https://t.me/p0DS7Q_P8nBiNDhi"
"4";"N/A";"sharewood";"Канал";"https://t.me/sharewood"
"5";"N/A";"sharewood_ws";"Канал";"https://t.me/sharewood_ws"
"6";"N/A";"lektorium20";"Канал";"https://t.me/lektorium20"
"7";"N/A";"iAmbitious";"Канал";"https://t.me/iAmbitious"
"8";"N/A";"eruditurl24";"Канал";"https://t.me/eruditurl24"
"9";"N/A";"lektoritv";"Канал";"https://t.me/lektoritv"
"10";"N/A";"profi_kursi_gaidi";"Канал";"https://t.me/profi_kursi_gaidi"
"11";"N/A";"skillget";"Канал";"https://t.me/skillget"
"12";"N/A";"sliwbl";"Канал";"https://t.me/sliwbl"
"13";"N/A";"sliv_freedom";"Канал";"https://t.me/sliv_freedom"
"14";"N/A";"sharewood_biz";"Канал";"https://t.me/sharewood_biz"
"15";"N/A";"LH6v1PpFGYs0YmNi";"Канал";"https://t.me/LH6v1PpFGYs0YmNi"
"16";"N/A";"Kultura_obuchenie";"Канал";"https://t.me/Kultura_obuchenie"
"17";"N/A";"archivator_it";"Канал";"https://t.me/archivator_it"
"18";"N/A";"motionchek";"Канал";"https://t.me/motionchek"
"19";"N/A";"cgspeaks";"Канал";"https://t.me/cgspeaks"
"20";"N/A";"slivaker_it";"Канал";"https://t.me/slivaker_it"
"21";"N/A";"puzzlebrainru";"Канал";"https://t.me/puzzlebrainru"
"22";"N/A";"course_archive";"Канал";"https://t.me/course_archive"
"23";"N/A";"books_and_trainings";"Канал";"https://t.me/books_and_trainings"
"24";"N/A";"qt9O4hpPEj84NmE6";"Канал";"https://t.me/qt9O4hpPEj84NmE6"
"25";"N/A";"stradarium1";"Канал";"https://t.me/stradarium1"
"26";"N/A";"TYHAQVJrBa0zMTIy";"Канал";"https://t.me/TYHAQVJrBa0zMTIy"
"27";"N/A";"intensiv_Mamiev";"Канал";"https://t.me/intensiv_Mamiev"
"28";"N/A";"nikaevareels";"Канал";"https://t.me/nikaevareels"
"29";"N/A";"MIFcourses";"Канал";"https://t.me/MIFcourses"
"30";"N/A";"stepik_courses";"Канал";"https://t.me/stepik_courses"
"31";"N/A";"netology_ru";"Канал";"https://t.me/netology_ru"
"32";"N/A";"cheklistbllogger";"Канал";"https://t.me/cheklistbllogger"
"33";"N/A";"WmAYkJJx-BcyNmQ6";"Канал";"https://t.me/WmAYkJJx-BcyNmQ6"
"34";"N/A";"AAAAAFMmHrnPInSGjVjL2Q";"Канал";"https://t.me/AAAAAFMmHrnPInSGjVjL2Q"
"35";"N/A";"VNXa9MBIZd45ZjEy";"Канал";"https://t.me/VNXa9MBIZd45ZjEy"
"36";"N/A";"sliv_ot_blogerov_2_rezerv";"Канал";"https://t.me/sliv_ot_blogerov_2_rezerv"
"37";"N/A";"mGkW0-6dA7JkN2I6";"Канал";"https://t.me/mGkW0-6dA7JkN2I6"
"38";"N/A";"AAAAAFfTurcX7axLxI4sIg";"Канал";"https://t.me/AAAAAFfTurcX7axLxI4sIg"
"39";"N/A";"universitet20";"Канал";"https://t.me/universitet20"
"40";"N/A";"slivkb";"Канал";"https://t.me/slivkb"
"41";"N/A";"skladchina_kyrsi";"Канал";"https://t.me/skladchina_kyrsi"
"42";"N/A";"AAAAAFJDQGvM8CIePJXbEQ";"Канал";"https://t.me/AAAAAFJDQGvM8CIePJXbEQ"
"43";"N/A";"xOFGQtT9zABiZWE6";"Канал";"https://t.me/xOFGQtT9zABiZWE6"
"44";"N/A";"VtuFmSANJCgzMGY6";"Канал";"https://t.me/VtuFmSANJCgzMGY6"
"45";"N/A";"PROkyrs";"Канал";"https://t.me/PROkyrs"
"46";"N/A";"wI4yELxHL2gwY2Q0";"Канал";"https://t.me/wI4yELxHL2gwY2Q0"
"47";"N/A";"kurs_archive";"Канал";"https://t.me/kurs_archive"
"48";"N/A";"Y0-btx_1ectjNjEy";"Канал";"https://t.me/Y0-btx_1ectjNjEy"
"49";"N/A";"archive_course";"Канал";"https://t.me/archive_course"
"50";"N/A";"AAAAAEzVW2oczhthu6Yebw";"Канал";"https://t.me/AAAAAEzVW2oczhthu6Yebw"
"51";"N/A";"Rl-F5JLgTWc3MDIy";"Канал";"https://t.me/Rl-F5JLgTWc3MDIy"
"52";"N/A";"fr_edu";"Канал";"https://t.me/fr_edu"
"53";"N/A";"mywayguides";"Канал";"https://t.me/mywayguides"
"54";"N/A";"beauty_ot_blogerov";"Канал";"https://t.me/beauty_ot_blogerov"
"55";"N/A";"izibizischool";"Канал";"https://t.me/izibizischool"
"56";"N/A";"IX138zSebz84ZjEy";"Канал";"https://t.me/IX138zSebz84ZjEy"
"57";"N/A";"alfa_campus";"Канал";"https://t.me/alfa_campus"
"58";"N/A";"slivoffcom";"Канал";"https://t.me/slivoffcom"
"59";"N/A";"AAAAAEzHHOVvTi9WnCtkqg";"Канал";"https://t.me/AAAAAEzHHOVvTi9WnCtkqg"
"60";"N/A";"konditer_kyrsi";"Канал";"https://t.me/konditer_kyrsi"
"61";"N/A";"slivotblogerov";"Канал";"https://t.me/slivotblogerov"
"62";"N/A";"AAAAAFBtDR00-PlNY3_Srg";"Канал";"https://t.me/AAAAAFBtDR00-PlNY3_Srg"
"63";"N/A";"tlgrmuniver";"Канал";"https://t.me/tlgrmuniver"
"64";"N/A";"AAAAAEinM3AY-AdpwVOgWA";"Канал";"https://t.me/AAAAAEinM3AY-AdpwVOgWA"
"65";"N/A";"edoocate";"Канал";"https://t.me/edoocate"
"66";"N/A";"H87XAiKpgnZmODU0";"Канал";"https://t.me/H87XAiKpgnZmODU0"
"67";"N/A";"slivydownload";"Канал";"https://t.me/slivydownload"
"68";"N/A";"cluster_hub";"Канал";"https://t.me/cluster_hub"
"69";"N/A";"AAAAAFHcmo3Sa058PeVleQ";"Канал";"https://t.me/AAAAAFHcmo3Sa058PeVleQ"
"70";"N/A";"sliv_ot_blogerov_2";"Канал";"https://t.me/sliv_ot_blogerov_2"
"71";"N/A";"tortuga_ws";"Канал";"https://t.me/tortuga_ws"
"72";"N/A";"edu_goo";"Канал";"https://t.me/edu_goo"
"73";"N/A";"ob_lime";"Канал";"https://t.me/ob_lime"
"74";"N/A";"K932wuNWNgg0NTc6";"Канал";"https://t.me/K932wuNWNgg0NTc6"
"75";"N/A";"tarolegko";"Канал";"https://t.me/tarolegko"
"76";"N/A";"V-1Ea8m7HK5kMWMy";"Канал";"https://t.me/V-1Ea8m7HK5kMWMy"
"77";"N/A";"5EbQX5ScAshlMmMy";"Канал";"https://t.me/5EbQX5ScAshlMmMy"
"78";"N/A";"17bfbrYd1KhkZjMy";"Канал";"https://t.me/17bfbrYd1KhkZjMy"
"79";"N/A";"aleksandrapritsker";"Канал";"https://t.me/aleksandrapritsker"
"80";"N/A";"netskings";"Канал";"https://t.me/netskings"
"81";"N/A";"annamamaclass";"Канал";"https://t.me/annamamaclass"
"82";"N/A";"endbrWa4i1c5NjNi";"Канал";"https://t.me/endbrWa4i1c5NjNi"
"83";"N/A";"freekyrsotblogerov";"Канал";"https://t.me/freekyrsotblogerov"
"84";"N/A";"huikkn";"Канал";"https://t.me/huikkn"
"85";"N/A";"aiwes";"Канал";"https://t.me/aiwes"
"86";"N/A";"7-emUtmgtw9jNjY9";"Канал";"https://t.me/7-emUtmgtw9jNjY9"
"87";"N/A";"Presets_Light";"Канал";"https://t.me/Presets_Light"
"88";"N/A";"uJqETnbObgcwN2Ji";"Канал";"https://t.me/uJqETnbObgcwN2Ji"
"89";"N/A";"youthandcareer";"Канал";"https://t.me/youthandcareer"
"90";"N/A";"AAAAAEQmq0ZlPrsTOiUcQA";"Канал";"https://t.me/AAAAAEQmq0ZlPrsTOiUcQA"
"91";"N/A";"cloudcourse";"Канал";"https://t.me/cloudcourse"
"92";"N/A";"obrabotka_promotion";"Канал";"https://t.me/obrabotka_promotion"
"93";"N/A";"AAAAAFlUD0LlxNlglv9YRA";"Канал";"https://t.me/AAAAAFlUD0LlxNlglv9YRA"
"94";"N/A";"tytbespl_onlyrok";"Канал";"https://t.me/tytbespl_onlyrok"
"95";"N/A";"cTW3CXQsSTRmZDc6";"Канал";"https://t.me/cTW3CXQsSTRmZDc6"
"96";"N/A";"AAAAAFev7ZGWs36mNEmBxw";"Канал";"https://t.me/AAAAAFev7ZGWs36mNEmBxw"
"97";"N/A";"darom456";"Канал";"https://t.me/darom456"
"98";"N/A";"2QbvgdU6pixmMWYy";"Канал";"https://t.me/2QbvgdU6pixmMWYy"
"99";"N/A";"neurozeh";"Канал";"https://t.me/neurozeh"
"100";"N/A";"8YVNlmoo7c43NjQy";"Канал";"https://t.me/8YVNlmoo7c43NjQy"
"101";"N/A";"kitay_optom";"Канал";"https://t.me/kitay_optom"
"102";"N/A";"U4314ftCYjIwMTI0";"Канал";"https://t.me/U4314ftCYjIwMTI0"
"103";"N/A";"infobiznesotblogerov";"Канал";"https://t.me/infobiznesotblogerov"
"104";"N/A";"crocteam";"Канал";"https://t.me/crocteam"
"105";"N/A";"AAAAAE-GxPX_gRjeS-tT8g";"Канал";"https://t.me/AAAAAE-GxPX_gRjeS-tT8g"
"106";"N/A";"across_english";"Канал";"https://t.me/across_english"
"107";"N/A";"HRsKlad";"Канал";"https://t.me/HRsKlad"
"108";"N/A";"TqX-whY1-1djYTRi";"Канал";"https://t.me/TqX-whY1-1djYTRi"
"109";"N/A";"franchizafre";"Канал";"https://t.me/franchizafre"
"110";"N/A";"OtFront";"Канал";"https://t.me/OtFront"
"111";"N/A";"polezno_kurs";"Канал";"https://t.me/polezno_kurs"
"112";"N/A";"SR1c-20AldU4MTAy";"Канал";"https://t.me/SR1c-20AldU4MTAy"
"113";"N/A";"lsa-gqXJ0fNkOTQy";"Канал";"https://t.me/lsa-gqXJ0fNkOTQy"
"114";"N/A";"MMTerraOnline";"Канал";"https://t.me/MMTerraOnline"
"115";"N/A";"inspiratortrave";"Канал";"https://t.me/inspiratortrave"
"116";"N/A";"smm_school_ru";"Канал";"https://t.me/smm_school_ru"
"117";"N/A";"fiskigold";"Канал";"https://t.me/fiskigold"
"118";"N/A";"AAAAAFfUAxpHeJHhU1r2Wg";"Канал";"https://t.me/AAAAAFfUAxpHeJHhU1r2Wg"
"119";"N/A";"bar_hub";"Канал";"https://t.me/bar_hub"
"120";"N/A";"caQcm1VnX6o1ZDky";"Канал";"https://t.me/caQcm1VnX6o1ZDky"
"121";"N/A";"study_for_free";"Канал";"https://t.me/study_for_free"
"122";"N/A";"markevent";"Канал";"https://t.me/markevent"
"123";"N/A";"inspiratortravel";"Канал";"https://t.me/inspiratortravel"
"124";"N/A";"AAAAAFCfrbrmzlrCBTgy8w";"Канал";"https://t.me/AAAAAFCfrbrmzlrCBTgy8w"
"125";"N/A";"coolcourse604";"Канал";"https://t.me/coolcourse604"
"126";"N/A";"FN_mrt6MfUg3NzU6";"Канал";"https://t.me/FN_mrt6MfUg3NzU6"
"127";"N/A";"AAAAAFQ7k4BmHf34hQHzww";"Канал";"https://t.me/AAAAAFQ7k4BmHf34hQHzww"
"128";"N/A";"hanumkka_life";"Канал";"https://t.me/hanumkka_life"
"129";"N/A";"GKkfN4q2WTRjZTAy";"Канал";"https://t.me/GKkfN4q2WTRjZTAy"
"130";"N/A";"AAAAAFRDURuRxQv3urZoPw";"Канал";"https://t.me/AAAAAFRDURuRxQv3urZoPw"
"131";"N/A";"marketingAV";"Канал";"https://t.me/marketingAV"
"132";"N/A";"Wx4ChtdprRRkYTEy";"Канал";"https://t.me/Wx4ChtdprRRkYTEy"
"133";"N/A";"rezerv_ot_blogerov1";"Канал";"https://t.me/rezerv_ot_blogerov1"
"134";"N/A";"handmade_sl";"Канал";"https://t.me/handmade_sl"
"135";"N/A";"ZwJRrTO7lmQzY2Iy";"Канал";"https://t.me/ZwJRrTO7lmQzY2Iy"
"136";"N/A";"artotblogerov";"Канал";"https://t.me/artotblogerov"
"137";"N/A";"guidepacan";"Канал";"https://t.me/guidepacan"
"138";"N/A";"vzrosly_investor";"Канал";"https://t.me/vzrosly_investor"
"139";"N/A";"stanfoodacademy";"Канал";"https://t.me/stanfoodacademy"
"140";"N/A";"smartpokupatel";"Канал";"https://t.me/smartpokupatel"
"141";"N/A";"teachlikeme";"Канал";"https://t.me/teachlikeme"
"142";"N/A";"jYKCbeTmiXIxMDUy";"Канал";"https://t.me/jYKCbeTmiXIxMDUy"
"143";"N/A";"1hJ8SA5yCvw0ZmVi";"Канал";"https://t.me/1hJ8SA5yCvw0ZmVi"
"144";"N/A";"gomytoyou_ege";"Канал";"https://t.me/gomytoyou_ege"
"145";"N/A";"wWRo9LAjXh84NGU6";"Канал";"https://t.me/wWRo9LAjXh84NGU6"
"146";"N/A";"di_teahome";"Канал";"https://t.me/di_teahome"
"147";"N/A";"redkinLab";"Канал";"https://t.me/redkinLab"
"148";"N/A";"AQ_fkeU4PZI5YTUy";"Канал";"https://t.me/AQ_fkeU4PZI5YTUy"
"149";"N/A";"learnsu";"Канал";"https://t.me/learnsu"
"150";"N/A";"jNI1aUMJm3hmYWJi";"Канал";"https://t.me/jNI1aUMJm3hmYWJi"
"151";"N/A";"eduproduct";"Канал";"https://t.me/eduproduct"
"152";"N/A";"webexovet";"Канал";"https://t.me/webexovet"
"153";"N/A";"movieparkpro";"Канал";"https://t.me/movieparkpro"
"154";"N/A";"UBDRpIQ6-AhjNjBi";"Канал";"https://t.me/UBDRpIQ6-AhjNjBi"
"155";"N/A";"marketplace_ot_blogerov";"Канал";"https://t.me/marketplace_ot_blogerov"
"156";"N/A";"AAAAAEjzvI-fcFNUBDH3XA";"Канал";"https://t.me/AAAAAEjzvI-fcFNUBDH3XA"
"157";"N/A";"orange_lebedenok";"Канал";"https://t.me/orange_lebedenok"
"158";"N/A";"xquezuLkQ6o3NTMy";"Канал";"https://t.me/xquezuLkQ6o3NTMy"
"159";"N/A";"lamp_courses";"Канал";"https://t.me/lamp_courses"
"160";"N/A";"spaceschool_graphics";"Канал";"https://t.me/spaceschool_graphics"
"161";"N/A";"fbm_creo";"Канал";"https://t.me/fbm_creo"
"162";"N/A";"oJnZ-cXBydYxOTZi";"Канал";"https://t.me/oJnZ-cXBydYxOTZi"
"163";"N/A";"perevodvsemru";"Канал";"https://t.me/perevodvsemru"
"164";"N/A";"chek_listt";"Канал";"https://t.me/chek_listt"
"165";"N/A";"resoschool";"Канал";"https://t.me/resoschool"
"166";"N/A";"DmitryVasinTango";"Канал";"https://t.me/DmitryVasinTango"
"167";"N/A";"aniaamelnik";"Канал";"https://t.me/aniaamelnik"
"168";"N/A";"knitbymakar";"Канал";"https://t.me/knitbymakar"
"169";"N/A";"focusstart";"Канал";"https://t.me/focusstart"
"170";"N/A";"NXTokH0vKxozYzUy";"Канал";"https://t.me/NXTokH0vKxozYzUy"
"171";"N/A";"RcQy2dbvIKo2MWJi";"Канал";"https://t.me/RcQy2dbvIKo2MWJi"
"172";"N/A";"kpd_vedyshich";"Канал";"https://t.me/kpd_vedyshich"
"173";"N/A";"TPEBOPCCXML";"Канал";"https://t.me/TPEBOPCCXML"
"174";"N/A";"bCKY12KwaDxlYzRi";"Канал";"https://t.me/bCKY12KwaDxlYzRi"
"175";"N/A";"PSvQIaJEnKJiYjUy";"Канал";"https://t.me/PSvQIaJEnKJiYjUy"
"176";"N/A";"wisdomelitesfiles";"Канал";"https://t.me/wisdomelitesfiles"
"177";"N/A";"kladovayagaid";"Канал";"https://t.me/kladovayagaid"
"178";"N/A";"agncy2048";"Канал";"https://t.me/agncy2048"
"179";"N/A";"AcidCrunch";"Канал";"https://t.me/AcidCrunch"
"180";"N/A";"crypt_moon";"Канал";"https://t.me/crypt_moon"
"181";"N/A";"B5fkbI0PlCxkZTU6";"Канал";"https://t.me/B5fkbI0PlCxkZTU6"
"182";"N/A";"cheklist_top";"Канал";"https://t.me/cheklist_top"
"183";"N/A";"dmdev_talks";"Канал";"https://t.me/dmdev_talks"
"184";"N/A";"FibostatCourses_Officiall";"Канал";"https://t.me/FibostatCourses_Officiall"
"185";"N/A";"muzchinam_pro";"Канал";"https://t.me/muzchinam_pro"
"186";"N/A";"vipsliwgaid";"Канал";"https://t.me/vipsliwgaid"
"187";"N/A";"AAAAAFgcNI15EwaWXMAp3w";"Канал";"https://t.me/AAAAAFgcNI15EwaWXMAp3w"
"188";"N/A";"ROKOT_63_ROKOT";"Канал";"https://t.me/ROKOT_63_ROKOT"
"189";"N/A";"odscourses";"Канал";"https://t.me/odscourses"
"190";"N/A";"mipk_ru";"Канал";"https://t.me/mipk_ru"
"191";"N/A";"gettechfamily";"Канал";"https://t.me/gettechfamily"
"192";"N/A";"opencourseshub";"Канал";"https://t.me/opencourseshub"
"193";"N/A";"d2KnrGGJujBlZWNi";"Канал";"https://t.me/d2KnrGGJujBlZWNi"
"194";"N/A";"AAAAAE-W3xEM8UebnSS2Eg";"Канал";"https://t.me/AAAAAE-W3xEM8UebnSS2Eg"
"195";"N/A";"zapiski_eksperta";"Канал";"https://t.me/zapiski_eksperta"
"196";"N/A";"teachbase";"Канал";"https://t.me/teachbase"
"197";"N/A";"sinergia_roda";"Канал";"https://t.me/sinergia_roda"
"198";"N/A";"neworker_hr";"Канал";"https://t.me/neworker_hr"
"199";"N/A";"BykovSchool";"Канал";"https://t.me/BykovSchool"
"200";"N/A";"hwcourse";"Канал";"https://t.me/hwcourse"
"201";"N/A";"forward_to_the_exchange";"Канал";"https://t.me/forward_to_the_exchange"
"202";"N/A";"C2R_Logistics";"Канал";"https://t.me/C2R_Logistics"
"203";"N/A";"vcf6nv_c3x00MWEy";"Канал";"https://t.me/vcf6nv_c3x00MWEy"
"204";"N/A";"yOKr_ZZCiFQ1ZWMy";"Канал";"https://t.me/yOKr_ZZCiFQ1ZWMy"
"205";"N/A";"7XWzMdVS1JhjODYy";"Канал";"https://t.me/7XWzMdVS1JhjODYy"
"206";"N/A";"RsiCQwKKEopvl8Mx";"Канал";"https://t.me/RsiCQwKKEopvl8Mx"
"207";"N/A";"dpo_vgtu";"Канал";"https://t.me/dpo_vgtu"
"208";"N/A";"business_rus";"Канал";"https://t.me/business_rus"
"209";"N/A";"dirtyyleague3D";"Канал";"https://t.me/dirtyyleague3D"
"210";"N/A";"mironovanastasiiia";"Канал";"https://t.me/mironovanastasiiia"
"211";"N/A";"_-42999OhWE1YjBi";"Канал";"https://t.me/_-42999OhWE1YjBi"
"212";"N/A";"rrllcrutop";"Канал";"https://t.me/rrllcrutop"
"213";"N/A";"tochka_rosta_vmi";"Канал";"https://t.me/tochka_rosta_vmi"
"214";"N/A";"DreamPlatformWiki";"Канал";"https://t.me/DreamPlatformWiki"
"215";"N/A";"evgeniyaselyavko";"Канал";"https://t.me/evgeniyaselyavko"
"216";"N/A";"bigvaschool";"Канал";"https://t.me/bigvaschool"
"217";"N/A";"SGAp5My7Go5Zp4Me";"Канал";"https://t.me/SGAp5My7Go5Zp4Me"
"218";"N/A";"Kursologia";"Канал";"https://t.me/Kursologia"
"219";"N/A";"DUO3iDrO2CExZjgy";"Канал";"https://t.me/DUO3iDrO2CExZjgy"
"220";"N/A";"newstudio391";"Канал";"https://t.me/newstudio391"
"221";"N/A";"cheklistblogger2_rezerv";"Канал";"https://t.me/cheklistblogger2_rezerv"
"222";"N/A";"VwdfMqo3ADdLlNIX";"Канал";"https://t.me/VwdfMqo3ADdLlNIX"
"223";"N/A";"o_marafon";"Канал";"https://t.me/o_marafon"
"224";"N/A";"amo_somnologiya";"Канал";"https://t.me/amo_somnologiya"
"225";"N/A";"kanal";"Канал";"https://t.me/kanal"
"226";"N/A";"MDFmY1aoiI9jMzEy";"Канал";"https://t.me/MDFmY1aoiI9jMzEy"
"227";"N/A";"wbnrs";"Канал";"https://t.me/wbnrs"
"228";"N/A";"aqmtru";"Канал";"https://t.me/aqmtru"
"229";"N/A";"citadelwebdesign";"Канал";"https://t.me/citadelwebdesign"
"230";"N/A";"accesstimes";"Канал";"https://t.me/accesstimes"
"231";"N/A";"dasshder";"Канал";"https://t.me/dasshder"
"232";"N/A";"surdoclass";"Канал";"https://t.me/surdoclass"
"233";"N/A";"u_united_team";"Канал";"https://t.me/u_united_team"
"234";"N/A";"AAAAAFKzDlco1Llf3PzFyw";"Канал";"https://t.me/AAAAAFKzDlco1Llf3PzFyw"
"235";"N/A";"archive_kyrs";"Канал";"https://t.me/archive_kyrs"
"236";"N/A";"divain_voice";"Канал";"https://t.me/divain_voice"
"237";"N/A";"AAAAAFNWp5_77qOgApsVEA";"Канал";"https://t.me/AAAAAFNWp5_77qOgApsVEA"
"238";"N/A";"boominfoorg";"Канал";"https://t.me/boominfoorg"
"239";"N/A";"sabintaggg";"Канал";"https://t.me/sabintaggg"
"240";"N/A";"yourcaligirl";"Канал";"https://t.me/yourcaligirl"
"241";"N/A";"5mJVfrd2fo0yYjRi";"Канал";"https://t.me/5mJVfrd2fo0yYjRi"
"242";"N/A";"parilkateam";"Канал";"https://t.me/parilkateam"
"243";"N/A";"eQfdz0XFqCI3N2Fi";"Канал";"https://t.me/eQfdz0XFqCI3N2Fi"
"244";"N/A";"instart_tatyana9797";"Канал";"https://t.me/instart_tatyana9797"
"245";"N/A";"elena_rabotaonlain";"Канал";"https://t.me/elena_rabotaonlain"
"246";"N/A";"fastYThere";"Канал";"https://t.me/fastYThere"
"247";"N/A";"sosnovtseva_mps";"Канал";"https://t.me/sosnovtseva_mps"
"248";"N/A";"million_on_freelance";"Канал";"https://t.me/million_on_freelance"
"249";"N/A";"clubffm";"Канал";"https://t.me/clubffm"
"250";"N/A";"casesonly";"Канал";"https://t.me/casesonly"
"251";"N/A";"cursorrezer";"Канал";"https://t.me/cursorrezer"
"252";"N/A";"AAAAAEjvsRcflpASdU2V6w";"Канал";"https://t.me/AAAAAEjvsRcflpASdU2V6w"
"253";"N/A";"gedugo";"Канал";"https://t.me/gedugo"
"254";"N/A";"yurchenkorichrepetitor";"Канал";"https://t.me/yurchenkorichrepetitor"
"255";"N/A";"ot2oVEYHlTQ4Njgy";"Канал";"https://t.me/ot2oVEYHlTQ4Njgy"
"256";"N/A";"ceZL_9nHJr8yM2Ey";"Канал";"https://t.me/ceZL_9nHJr8yM2Ey"
"257";"N/A";"vipsliwkurs";"Канал";"https://t.me/vipsliwkurs"
"258";"N/A";"bqjgMkt20q00ZmJi";"Канал";"https://t.me/bqjgMkt20q00ZmJi"
"259";"N/A";"skidki_wb71";"Канал";"https://t.me/skidki_wb71"
"260";"N/A";"tensordar_MENU";"Канал";"https://t.me/tensordar_MENU"
"261";"N/A";"nlp_start";"Канал";"https://t.me/nlp_start"
"262";"N/A";"eeprig7";"Канал";"https://t.me/eeprig7"
"263";"N/A";"Avtostopom_po_G0";"Канал";"https://t.me/Avtostopom_po_G0"
"264";"N/A";"domchasov33";"Канал";"https://t.me/domchasov33"
"265";"N/A";"neyrofoto_video";"Канал";"https://t.me/neyrofoto_video"
"266";"N/A";"apafinance";"Канал";"https://t.me/apafinance"
"267";"N/A";"AAAAAESk6JABln_060OaBw";"Канал";"https://t.me/AAAAAESk6JABln_060OaBw"
"268";"N/A";"centrprofii";"Канал";"https://t.me/centrprofii"
"269";"N/A";"hfxirzpYPC83OGRi";"Канал";"https://t.me/hfxirzpYPC83OGRi"
"270";"N/A";"AAAAAEg8S7q8cRwAQFZtJw";"Канал";"https://t.me/AAAAAEg8S7q8cRwAQFZtJw"
"271";"N/A";"durovson";"Канал";"https://t.me/durovson"
"272";"N/A";"katyakarn";"Канал";"https://t.me/katyakarn"
"273";"N/A";"vk_telegram_kursi";"Канал";"https://t.me/vk_telegram_kursi"
"274";"N/A";"mediahubplus";"Канал";"https://t.me/mediahubplus"
"275";"N/A";"crypto_patrol_vip";"Канал";"https://t.me/crypto_patrol_vip"
"276";"N/A";"mednyasha_kurs_otzivy";"Канал";"https://t.me/mednyasha_kurs_otzivy"
"277";"N/A";"aFe13CZzoSQwZDE6";"Канал";"https://t.me/aFe13CZzoSQwZDE6"
"278";"N/A";"ksenka_getcourse";"Канал";"https://t.me/ksenka_getcourse"
"279";"N/A";"2wwCae-9bqoxMDBi";"Канал";"https://t.me/2wwCae-9bqoxMDBi"
"280";"N/A";"procreateart";"Канал";"https://t.me/procreateart"
"281";"N/A";"nGMKalPacvo4NDAy";"Канал";"https://t.me/nGMKalPacvo4NDAy"
"282";"N/A";"lt_method";"Канал";"https://t.me/lt_method"
"283";"N/A";"chtotamuznamenitostey";"Канал";"https://t.me/chtotamuznamenitostey"
"284";"N/A";"AAAAAEUMpkmnEyrecvKXUg";"Канал";"https://t.me/AAAAAEUMpkmnEyrecvKXUg"
"285";"N/A";"taroevans";"Канал";"https://t.me/taroevans"
"286";"N/A";"proo_vakansii";"Канал";"https://t.me/proo_vakansii"
"287";"N/A";"split_xx";"Канал";"https://t.me/split_xx"
"288";"N/A";"gW5LPOQLYtg1ZjYy";"Канал";"https://t.me/gW5LPOQLYtg1ZjYy"
"289";"N/A";"-pvyTOplhLZlNzVi";"Канал";"https://t.me/-pvyTOplhLZlNzVi"
"290";"N/A";"best_slivchik";"Канал";"https://t.me/best_slivchik"
"291";"N/A";"0Ab1cLI2FFZlMWRi";"Канал";"https://t.me/0Ab1cLI2FFZlMWRi"
"292";"N/A";"smart_ladyy";"Канал";"https://t.me/smart_ladyy"
"293";"N/A";"5Pi0NgKmlys4MTQy";"Канал";"https://t.me/5Pi0NgKmlys4MTQy"
"294";"N/A";"bazaznanie_channel";"Канал";"https://t.me/bazaznanie_channel"
"295";"N/A";"funpaynekzy";"Канал";"https://t.me/funpaynekzy"
"296";"N/A";"aktermasterstvo";"Канал";"https://t.me/aktermasterstvo"
"297";"N/A";"BagiraMarket";"Канал";"https://t.me/BagiraMarket"
"298";"N/A";"7PKYrHP-ZEcxMGIy";"Канал";"https://t.me/7PKYrHP-ZEcxMGIy"
"299";"N/A";"shrest_easy";"Канал";"https://t.me/shrest_easy"
"300";"N/A";"millapiotrovska";"Канал";"https://t.me/millapiotrovska"
"301";"N/A";"AAAAAE9KCQGJ7KeOv_353Q";"Канал";"https://t.me/AAAAAE9KCQGJ7KeOv_353Q"
"302";"N/A";"ROKOT_NVPNM";"Канал";"https://t.me/ROKOT_NVPNM"
"303";"N/A";"FloorA5_Sochi";"Канал";"https://t.me/FloorA5_Sochi"
"304";"N/A";"MK5shagov";"Канал";"https://t.me/MK5shagov"
"305";"N/A";"XUAaDRguFpNmYjBi";"Канал";"https://t.me/XUAaDRguFpNmYjBi"
"306";"N/A";"npinBrxVZ1o5MTVk";"Канал";"https://t.me/npinBrxVZ1o5MTVk"
"307";"N/A";"fintransinfo";"Канал";"https://t.me/fintransinfo"
"308";"N/A";"recoursee";"Канал";"https://t.me/recoursee"
"309";"N/A";"andrewtatenaruskom";"Канал";"https://t.me/andrewtatenaruskom"
"310";"N/A";"anna_shargina";"Канал";"https://t.me/anna_shargina"
"311";"N/A";"nadisuvorova_school";"Канал";"https://t.me/nadisuvorova_school"
"312";"N/A";"g4DF5s9x_ocwNzIy";"Канал";"https://t.me/g4DF5s9x_ocwNzIy"
"313";"N/A";"YouCan_online";"Канал";"https://t.me/YouCan_online"
"314";"N/A";"rosbo_kursy";"Канал";"https://t.me/rosbo_kursy"
"315";"N/A";"Slivshemtochkaru";"Канал";"https://t.me/Slivshemtochkaru"
"316";"N/A";"ischool_darom";"Канал";"https://t.me/ischool_darom"
"317";"N/A";"videolessons";"Канал";"https://t.me/videolessons"
"318";"N/A";"msHiEpSi30xkZGQy";"Канал";"https://t.me/msHiEpSi30xkZGQy"
"319";"N/A";"ovsefrm";"Канал";"https://t.me/ovsefrm"
"320";"N/A";"mania_course";"Канал";"https://t.me/mania_course"
"321";"N/A";"leshyonline";"Канал";"https://t.me/leshyonline"
"322";"N/A";"psy_neuro_ai";"Канал";"https://t.me/psy_neuro_ai"
"323";"N/A";"sedoitester";"Канал";"https://t.me/sedoitester"
"324";"N/A";"tvoy_zarabotok_v_seti";"Канал";"https://t.me/tvoy_zarabotok_v_seti"
"325";"N/A";"VcVhyCbgBxcdADUR";"Канал";"https://t.me/VcVhyCbgBxcdADUR"
"326";"N/A";"elvira_frilove";"Канал";"https://t.me/elvira_frilove"
"327";"N/A";"videomontazh01";"Канал";"https://t.me/videomontazh01"
"328";"N/A";"bazaschool_official";"Канал";"https://t.me/bazaschool_official"
"329";"N/A";"N_Valeriya_V_1408";"Канал";"https://t.me/N_Valeriya_V_1408"
"330";"N/A";"elinatisdalethoughts";"Канал";"https://t.me/elinatisdalethoughts"
"331";"N/A";"kreativ_nerabota";"Канал";"https://t.me/kreativ_nerabota"
"332";"N/A";"vi_inf";"Канал";"https://t.me/vi_inf"
"333";"N/A";"findiplomat";"Канал";"https://t.me/findiplomat"
"334";"N/A";"oh_my_devops";"Канал";"https://t.me/oh_my_devops"
"335";"N/A";"AAAAAEu4ib2gBGGeojLHfg";"Канал";"https://t.me/AAAAAEu4ib2gBGGeojLHfg"
"336";"N/A";"nati_vlasovaa";"Канал";"https://t.me/nati_vlasovaa"
"337";"N/A";"happy10days";"Канал";"https://t.me/happy10days"
"338";"N/A";"AJiUSvu59Ik2YmYy";"Канал";"https://t.me/AJiUSvu59Ik2YmYy"
"339";"N/A";"lEqPJ_xJe8wxYzli";"Канал";"https://t.me/lEqPJ_xJe8wxYzli"
"340";"N/A";"anastasiaprodoxod";"Канал";"https://t.me/anastasiaprodoxod"
"341";"N/A";"freelanceolga";"Канал";"https://t.me/freelanceolga"
"342";"N/A";"skidki_promokodi_ak";"Канал";"https://t.me/skidki_promokodi_ak"
"343";"N/A";"T9G897X2FpAwZWFi";"Канал";"https://t.me/T9G897X2FpAwZWFi"
"344";"N/A";"iammomboss";"Канал";"https://t.me/iammomboss"
"345";"N/A";"kristy_tastyy";"Канал";"https://t.me/kristy_tastyy"
"346";"N/A";"concentrataugust2628";"Канал";"https://t.me/concentrataugust2628"
"347";"N/A";"kraev_design";"Канал";"https://t.me/kraev_design"
"348";"N/A";"sayty_na_Taplink";"Канал";"https://t.me/sayty_na_Taplink"
"349";"N/A";"KrokodilOge";"Канал";"https://t.me/KrokodilOge"
"350";"N/A";"AAAAAEc3WzEW8a0LUbl6iw";"Канал";"https://t.me/AAAAAEc3WzEW8a0LUbl6iw"
"351";"N/A";"nnmclub_c";"Канал";"https://t.me/nnmclub_c"
"352";"N/A";"love_frees";"Канал";"https://t.me/love_frees"
"353";"N/A";"Mihbarat_alBasirah";"Канал";"https://t.me/Mihbarat_alBasirah"
"354";"N/A";"Ddyq0EcxHPA0Yjcy";"Канал";"https://t.me/Ddyq0EcxHPA0Yjcy"
"355";"N/A";"umarta_tatar";"Канал";"https://t.me/umarta_tatar"
"356";"N/A";"AnnaFreelansTG";"Канал";"https://t.me/AnnaFreelansTG"
"357";"N/A";"rimma_na_ozon";"Канал";"https://t.me/rimma_na_ozon"
"358";"N/A";"rozhkovaolga_photo";"Канал";"https://t.me/rozhkovaolga_photo"
"359";"N/A";"osipovmoney";"Канал";"https://t.me/osipovmoney"
"360";"N/A";"NikaNagelbest";"Канал";"https://t.me/NikaNagelbest"
"361";"N/A";"candykurs_shop";"Канал";"https://t.me/candykurs_shop"
"362";"N/A";"amur_rokot";"Канал";"https://t.me/amur_rokot"
"363";"N/A";"intellectualkurs";"Канал";"https://t.me/intellectualkurs"
"364";"N/A";"guruexcel";"Канал";"https://t.me/guruexcel"
"365";"N/A";"psikhologiamy";"Канал";"https://t.me/psikhologiamy"
"366";"N/A";"teh_guru";"Канал";"https://t.me/teh_guru"
"367";"N/A";"vipsliwtop";"Канал";"https://t.me/vipsliwtop"
"368";"N/A";"ruslegko";"Канал";"https://t.me/ruslegko"
"369";"N/A";"inginium";"Канал";"https://t.me/inginium"
"370";"N/A";"2Uk7zBxY2E9jMjI6";"Канал";"https://t.me/2Uk7zBxY2E9jMjI6"
"371";"N/A";"ArsenMarkarian_Adeptus";"Канал";"https://t.me/ArsenMarkarian_Adeptus"
"372";"N/A";"design_kursach";"Канал";"https://t.me/design_kursach"
"373";"N/A";"fislend";"Канал";"https://t.me/fislend"
"374";"N/A";"slklBnsckYA5MGZi";"Канал";"https://t.me/slklBnsckYA5MGZi"
"375";"N/A";"denezhnyjYouTube";"Канал";"https://t.me/denezhnyjYouTube"
"376";"N/A";"zUH16PjCnxE2MjJi";"Канал";"https://t.me/zUH16PjCnxE2MjJi"
"377";"N/A";"HR_Guardian";"Канал";"https://t.me/HR_Guardian"
"378";"N/A";"YdalencaRU";"Канал";"https://t.me/YdalencaRU"
"379";"N/A";"AAAAAE6SG5oG-a5vqUhQ0A";"Канал";"https://t.me/AAAAAE6SG5oG-a5vqUhQ0A"
"380";"N/A";"asclepiusacadem";"Канал";"https://t.me/asclepiusacadem"
"381";"N/A";"shopforkidss";"Канал";"https://t.me/shopforkidss"
"382";"N/A";"mindforge_persona";"Канал";"https://t.me/mindforge_persona"
"383";"N/A";"smm_bez_problemm";"Канал";"https://t.me/smm_bez_problemm"
"384";"N/A";"nl_media";"Канал";"https://t.me/nl_media"
"385";"N/A";"procreate_free_all";"Канал";"https://t.me/procreate_free_all"
"386";"N/A";"zivaya_kniga";"Канал";"https://t.me/zivaya_kniga"
"387";"N/A";"Elena_lab";"Канал";"https://t.me/Elena_lab"
"388";"N/A";"las_obligatos";"Канал";"https://t.me/las_obligatos"
"389";"N/A";"y4yE6tWix2w1NTdi";"Канал";"https://t.me/y4yE6tWix2w1NTdi"
"390";"N/A";"endryteytfull";"Канал";"https://t.me/endryteytfull"
"391";"N/A";"bello_coach";"Канал";"https://t.me/bello_coach"
"392";"N/A";"kyrsoff_rez";"Канал";"https://t.me/kyrsoff_rez"
"393";"N/A";"AAAAAFdVJ-2iRz_1wQrm1Q";"Канал";"https://t.me/AAAAAFdVJ-2iRz_1wQrm1Q"
"394";"N/A";"okursah";"Канал";"https://t.me/okursah"
"395";"N/A";"rodchenko_coach";"Канал";"https://t.me/rodchenko_coach"
"396";"N/A";"cotographica";"Канал";"https://t.me/cotographica"
"397";"N/A";"ProAkademia";"Канал";"https://t.me/ProAkademia"
"398";"N/A";"GEtdSCRA5rhlYWQ0";"Канал";"https://t.me/GEtdSCRA5rhlYWQ0"
"399";"N/A";"qaydii";"Канал";"https://t.me/qaydii"
"400";"N/A";"znausam";"Канал";"https://t.me/znausam"
"401";"N/A";"mockupgeek";"Канал";"https://t.me/mockupgeek"
"402";"N/A";"bogpartner";"Канал";"https://t.me/bogpartner"
"403";"N/A";"zaliya_chatbot";"Канал";"https://t.me/zaliya_chatbot"
"404";"N/A";"wkidsq";"Канал";"https://t.me/wkidsq"
"405";"N/A";"kuratorIS666";"Канал";"https://t.me/kuratorIS666"
"406";"N/A";"victoriabusines2";"Канал";"https://t.me/victoriabusines2"
"407";"N/A";"prostranstvo_obsheniya";"Канал";"https://t.me/prostranstvo_obsheniya"
"408";"N/A";"salers1";"Канал";"https://t.me/salers1"
"409";"N/A";"chess_teacher";"Канал";"https://t.me/chess_teacher"
"410";"N/A";"million_guides";"Канал";"https://t.me/million_guides"
"411";"N/A";"magihvg";"Канал";"https://t.me/magihvg"
"412";"N/A";"tarot_meditation";"Канал";"https://t.me/tarot_meditation"
"413";"N/A";"shanistart24";"Канал";"https://t.me/shanistart24"
"414";"N/A";"academcurse";"Канал";"https://t.me/academcurse"
"415";"N/A";"produseronline";"Канал";"https://t.me/produseronline"
"416";"N/A";"groomgriffon";"Канал";"https://t.me/groomgriffon"
"417";"N/A";"ParadoxNova";"Канал";"https://t.me/ParadoxNova"
"418";"N/A";"improvworld";"Канал";"https://t.me/improvworld"
"419";"N/A";"vladvnositvklad";"Канал";"https://t.me/vladvnositvklad"
"420";"N/A";"nAkKr-0dsEc2YjEy";"Канал";"https://t.me/nAkKr-0dsEc2YjEy"
"421";"N/A";"kalinina_pro_nogti1";"Канал";"https://t.me/kalinina_pro_nogti1"
"422";"N/A";"AAAAAEjxqAsDAN5Fd2Z8IQ";"Канал";"https://t.me/AAAAAEjxqAsDAN5Fd2Z8IQ"
"423";"N/A";"arhangel_an";"Канал";"https://t.me/arhangel_an"
"424";"N/A";"fotoclub2022";"Канал";"https://t.me/fotoclub2022"
"425";"N/A";"finkont";"Канал";"https://t.me/finkont"
"426";"N/A";"schoolrazvitiya";"Канал";"https://t.me/schoolrazvitiya"
"427";"N/A";"instasamka_kyrs";"Канал";"https://t.me/instasamka_kyrs"
"428";"N/A";"kursiotlisssi";"Канал";"https://t.me/kursiotlisssi"
"429";"N/A";"kosobokov_b";"Канал";"https://t.me/kosobokov_b"
"430";"N/A";"Sliv_trading_kurs";"Канал";"https://t.me/Sliv_trading_kurs"
"431";"N/A";"pro_finsovet";"Канал";"https://t.me/pro_finsovet"
"432";"N/A";"vsekonkurs";"Канал";"https://t.me/vsekonkurs"
"433";"N/A";"kalutskayamariika";"Канал";"https://t.me/kalutskayamariika"
"434";"N/A";"dhCBbNfzVY8xZGEy";"Канал";"https://t.me/dhCBbNfzVY8xZGEy"
"435";"N/A";"utroeuroplan";"Канал";"https://t.me/utroeuroplan"
"436";"N/A";"avtovoronka1977";"Канал";"https://t.me/avtovoronka1977"
"437";"N/A";"way5d_channel";"Канал";"https://t.me/way5d_channel"
"438";"N/A";"MaUewgrSRE5mMjg6";"Канал";"https://t.me/MaUewgrSRE5mMjg6"
"439";"N/A";"zw4I8HZ5mDkzNjE6";"Канал";"https://t.me/zw4I8HZ5mDkzNjE6"
"440";"N/A";"AprojectEKDK";"Канал";"https://t.me/AprojectEKDK"
"441";"N/A";"hamerchat";"Канал";"https://t.me/hamerchat"
"442";"N/A";"OYb7cSrqJjZiYTRi";"Канал";"https://t.me/OYb7cSrqJjZiYTRi"
"443";"N/A";"tvoi_chek_list";"Канал";"https://t.me/tvoi_chek_list"
"444";"N/A";"mikosyanchik";"Канал";"https://t.me/mikosyanchik"
"445";"N/A";"GF_Siberia";"Канал";"https://t.me/GF_Siberia"
"446";"N/A";"chagin_channel";"Канал";"https://t.me/chagin_channel"
"447";"N/A";"courses_wildberries_ozon_yandex";"Канал";"https://t.me/courses_wildberries_ozon_yandex"
"448";"N/A";"sila_uma";"Канал";"https://t.me/sila_uma"
"449";"N/A";"finance_gerasimov";"Канал";"https://t.me/finance_gerasimov"
"450";"N/A";"marafonproprodaji";"Канал";"https://t.me/marafonproprodaji"
"451";"N/A";"analitic1cway";"Канал";"https://t.me/analitic1cway"
"452";"N/A";"education_refformat";"Канал";"https://t.me/education_refformat"
"453";"N/A";"smart_investor_rus";"Канал";"https://t.me/smart_investor_rus"
"454";"N/A";"NintendoHints";"Канал";"https://t.me/NintendoHints"
"455";"N/A";"ymnayalan";"Канал";"https://t.me/ymnayalan"
"456";"N/A";"_GJ4Vv4qebI0N2I6";"Канал";"https://t.me/_GJ4Vv4qebI0N2I6"
"457";"N/A";"Dxeducation";"Канал";"https://t.me/Dxeducation"
"458";"N/A";"course_guide";"Канал";"https://t.me/course_guide"
"459";"N/A";"heroasis";"Канал";"https://t.me/heroasis"
"460";"N/A";"kinderkurswarteliste";"Канал";"https://t.me/kinderkurswarteliste"
"461";"N/A";"nbCqQDhFIds4Yjgy";"Канал";"https://t.me/nbCqQDhFIds4Yjgy"
"462";"N/A";"unscrewer";"Канал";"https://t.me/unscrewer"
"463";"N/A";"podarochnie_akcii_tinkoff_invest";"Канал";"https://t.me/podarochnie_akcii_tinkoff_invest"
"464";"N/A";"soft_skills_lab";"Канал";"https://t.me/soft_skills_lab"
"465";"N/A";"LearnMore_tech";"Канал";"https://t.me/LearnMore_tech"
"466";"N/A";"topacademy11";"Канал";"https://t.me/topacademy11"
"467";"N/A";"katyafedoseevakurs";"Канал";"https://t.me/katyafedoseevakurs"
"468";"N/A";"CatCoStudy";"Канал";"https://t.me/CatCoStudy"
"469";"N/A";"jangg_o";"Канал";"https://t.me/jangg_o"
"470";"N/A";"a_esster";"Канал";"https://t.me/a_esster"
"471";"N/A";"rdu6VbOQLcNlNTZi";"Канал";"https://t.me/rdu6VbOQLcNlNTZi"
"472";"N/A";"AAAAAEYFVN6InCX_6LL1kw";"Канал";"https://t.me/AAAAAEYFVN6InCX_6LL1kw"
"473";"N/A";"4dQpoXTl2LY4NjZi";"Канал";"https://t.me/4dQpoXTl2LY4NjZi"
"474";"N/A";"peregovori_dlia_gizni";"Канал";"https://t.me/peregovori_dlia_gizni"
"475";"N/A";"vipsliw1";"Канал";"https://t.me/vipsliw1"
"476";"N/A";"TradingSKFX";"Канал";"https://t.me/TradingSKFX"
"477";"N/A";"Neznaika_i_Partnerki";"Канал";"https://t.me/Neznaika_i_Partnerki"
"478";"N/A";"borzi_arbitran";"Канал";"https://t.me/borzi_arbitran"
"479";"N/A";"training_echo";"Канал";"https://t.me/training_echo"
"480";"N/A";"bestspiker";"Канал";"https://t.me/bestspiker"
"481";"N/A";"Arbitrazh_trafika_kurs";"Канал";"https://t.me/Arbitrazh_trafika_kurs"
"482";"N/A";"NEYRO_school";"Канал";"https://t.me/NEYRO_school"
"483";"N/A";"novichenko_slivki";"Канал";"https://t.me/novichenko_slivki"
"484";"N/A";"cehtime";"Канал";"https://t.me/cehtime"
"485";"N/A";"dc_camp";"Канал";"https://t.me/dc_camp"
"486";"N/A";"tawechi";"Канал";"https://t.me/tawechi"
"487";"N/A";"oG8Nehb5-rU4NzVi";"Канал";"https://t.me/oG8Nehb5-rU4NzVi"
"488";"N/A";"NMpZkYzxN88xMDQy";"Канал";"https://t.me/NMpZkYzxN88xMDQy"
"489";"N/A";"combatcentr_spb";"Канал";"https://t.me/combatcentr_spb"
"490";"N/A";"pmgradus";"Канал";"https://t.me/pmgradus"
"491";"N/A";"medyanyj_pishet";"Канал";"https://t.me/medyanyj_pishet"
"492";"N/A";"my_vedic_astrology";"Канал";"https://t.me/my_vedic_astrology"
"493";"N/A";"radotasosa";"Канал";"https://t.me/radotasosa"
"494";"N/A";"ubalenka_anna";"Канал";"https://t.me/ubalenka_anna"
"495";"N/A";"pro_kachka";"Канал";"https://t.me/pro_kachka"
"496";"N/A";"getrevenue";"Канал";"https://t.me/getrevenue"
"497";"N/A";"Sieniapro";"Канал";"https://t.me/Sieniapro"
"498";"N/A";"fixit_plus";"Канал";"https://t.me/fixit_plus"
"499";"N/A";"mtmotosportgroup";"Канал";"https://t.me/mtmotosportgroup"
"500";"N/A";"meducations";"Канал";"https://t.me/meducations"
"501";"N/A";"elis_centre";"Канал";"https://t.me/elis_centre"
"502";"N/A";"AAAAAFN-61i1U1mOVS44xw";"Канал";"https://t.me/AAAAAFN-61i1U1mOVS44xw"
"503";"N/A";"parallelniy";"Канал";"https://t.me/parallelniy"
"504";"N/A";"scorohodov";"Канал";"https://t.me/scorohodov"
"505";"N/A";"Gaydenko_WB_OZON";"Канал";"https://t.me/Gaydenko_WB_OZON"
"506";"N/A";"zemlya_ot_gosudarstva";"Канал";"https://t.me/zemlya_ot_gosudarstva"
"507";"N/A";"bizhoumeTK";"Канал";"https://t.me/bizhoumeTK"
"508";"N/A";"PROkinoprobi";"Канал";"https://t.me/PROkinoprobi"
"509";"N/A";"UMMkA_studio";"Канал";"https://t.me/UMMkA_studio"
"510";"N/A";"pirogovtrainers";"Канал";"https://t.me/pirogovtrainers"
"511";"N/A";"krisfreel_v_tg";"Канал";"https://t.me/krisfreel_v_tg"
"512";"N/A";"futurization";"Канал";"https://t.me/futurization"
"513";"N/A";"FenomenalInvest";"Канал";"https://t.me/FenomenalInvest"
"514";"N/A";"vspominaem1week";"Канал";"https://t.me/vspominaem1week"
"515";"N/A";"fablabnorilsk";"Канал";"https://t.me/fablabnorilsk"
"516";"N/A";"Populyarnyye_KURSY1";"Канал";"https://t.me/Populyarnyye_KURSY1"
"517";"N/A";"cTeBklJahnIyNTJi";"Канал";"https://t.me/cTeBklJahnIyNTJi"
"518";"N/A";"groomingarchibald";"Канал";"https://t.me/groomingarchibald"
"519";"N/A";"metodolog_J";"Канал";"https://t.me/metodolog_J"
"520";"N/A";"academy_bonshery";"Канал";"https://t.me/academy_bonshery"
"521";"N/A";"h0HqZMjdGnMzOTFi";"Канал";"https://t.me/h0HqZMjdGnMzOTFi"
"522";"N/A";"biznessnalegke";"Канал";"https://t.me/biznessnalegke"
"523";"N/A";"Magic_Your_Voice";"Канал";"https://t.me/Magic_Your_Voice"
"524";"N/A";"fv3VZDEHozY5Y2Ni";"Канал";"https://t.me/fv3VZDEHozY5Y2Ni"
"525";"N/A";"3bdTi2QPSUdmNTIy";"Канал";"https://t.me/3bdTi2QPSUdmNTIy"
"526";"N/A";"vikupkurs";"Канал";"https://t.me/vikupkurs"
"527";"N/A";"lortes_traffic";"Канал";"https://t.me/lortes_traffic"
"528";"N/A";"botagova_olga";"Канал";"https://t.me/botagova_olga"
"529";"N/A";"archive_kursov";"Канал";"https://t.me/archive_kursov"
"530";"N/A";"dentalclubvrn";"Канал";"https://t.me/dentalclubvrn"
"531";"N/A";"vKAHiBdYnjgxYjdi";"Канал";"https://t.me/vKAHiBdYnjgxYjdi"
"532";"N/A";"gulnur2711";"Канал";"https://t.me/gulnur2711"
"533";"N/A";"advancearena";"Канал";"https://t.me/advancearena"
"534";"N/A";"exenow";"Канал";"https://t.me/exenow"
"535";"N/A";"iSiMvNIb_EM2Zjhi";"Канал";"https://t.me/iSiMvNIb_EM2Zjhi"
"536";"N/A";"aromastyle_professional";"Канал";"https://t.me/aromastyle_professional"
"537";"N/A";"kursi_sliv1";"Канал";"https://t.me/kursi_sliv1"
"538";"N/A";"onatili_arabova";"Канал";"https://t.me/onatili_arabova"
"539";"N/A";"krugosvetka_anons";"Канал";"https://t.me/krugosvetka_anons"
"540";"N/A";"ddtodl";"Канал";"https://t.me/ddtodl"
"541";"N/A";"bot1win";"Канал";"https://t.me/bot1win"
"542";"N/A";"2U6aT4B1FY4yYmNi";"Канал";"https://t.me/2U6aT4B1FY4yYmNi"
"543";"N/A";"online_for_everyone";"Канал";"https://t.me/online_for_everyone"
"544";"N/A";"sssootka";"Канал";"https://t.me/sssootka"
"545";"N/A";"nika_pro_obuchenie";"Канал";"https://t.me/nika_pro_obuchenie"
"546";"N/A";"millionza50";"Канал";"https://t.me/millionza50"
"547";"N/A";"it_syndicate_arhive";"Канал";"https://t.me/it_syndicate_arhive"
"548";"N/A";"exiclubru";"Канал";"https://t.me/exiclubru"
"549";"N/A";"onboardingwell";"Канал";"https://t.me/onboardingwell"
"550";"N/A";"TUQIhFQkrY6gPZwQ";"Канал";"https://t.me/TUQIhFQkrY6gPZwQ"
"551";"N/A";"katia_botkoppi";"Канал";"https://t.me/katia_botkoppi"
"552";"N/A";"omni_cron";"Канал";"https://t.me/omni_cron"
"553";"N/A";"POLYAKOFF_GRIND";"Канал";"https://t.me/POLYAKOFF_GRIND"
"554";"N/A";"ProMozg_Kurs";"Канал";"https://t.me/ProMozg_Kurs"
"555";"N/A";"4LC9H38RqrVkNDFi";"Канал";"https://t.me/4LC9H38RqrVkNDFi"
"556";"N/A";"top_kyrsy_sliv_r";"Канал";"https://t.me/top_kyrsy_sliv_r"
"557";"N/A";"gblackmagic";"Канал";"https://t.me/gblackmagic"
"558";"N/A";"asix_studio";"Канал";"https://t.me/asix_studio"
"559";"N/A";"ecocentre27";"Канал";"https://t.me/ecocentre27"
"560";"N/A";"bizness_infolife";"Канал";"https://t.me/bizness_infolife"
"561";"N/A";"proetiketki";"Канал";"https://t.me/proetiketki"
"562";"N/A";"7tQNCkjuRpY1MTBi";"Канал";"https://t.me/7tQNCkjuRpY1MTBi"
"563";"N/A";"nt_bord";"Канал";"https://t.me/nt_bord"
"564";"N/A";"topdogtr";"Канал";"https://t.me/topdogtr"
"565";"N/A";"artstar_prof";"Канал";"https://t.me/artstar_prof"
"566";"N/A";"legkost_online";"Канал";"https://t.me/legkost_online"
"567";"N/A";"King_Artem11";"Канал";"https://t.me/King_Artem11"
"568";"N/A";"zakypkasomnoi";"Канал";"https://t.me/zakypkasomnoi"
"569";"N/A";"insight_expert";"Канал";"https://t.me/insight_expert"
"570";"N/A";"-QrpOj-PQwVjM2Qx";"Канал";"https://t.me/-QrpOj-PQwVjM2Qx"
"571";"N/A";"AleksandrGolubevfriend";"Канал";"https://t.me/AleksandrGolubevfriend"
"572";"N/A";"bigexpert1";"Канал";"https://t.me/bigexpert1"
"573";"N/A";"o_kucherova0";"Канал";"https://t.me/o_kucherova0"
"574";"N/A";"Olga_INSTART_dohod";"Канал";"https://t.me/Olga_INSTART_dohod"
"575";"N/A";"blosoffiwork";"Канал";"https://t.me/blosoffiwork"
"576";"N/A";"Free_workkk";"Канал";"https://t.me/Free_workkk"
"577";"N/A";"scroll_tool";"Канал";"https://t.me/scroll_tool"
"578";"N/A";"terra_kids";"Канал";"https://t.me/terra_kids"
"579";"N/A";"daryaburaya";"Канал";"https://t.me/daryaburaya"
"580";"N/A";"neuromanai";"Канал";"https://t.me/neuromanai"
"581";"N/A";"portal_ira";"Канал";"https://t.me/portal_ira"
"582";"N/A";"sasha_belair1";"Канал";"https://t.me/sasha_belair1"
"583";"N/A";"mir_detstva_tg";"Канал";"https://t.me/mir_detstva_tg"
"584";"N/A";"UAmpdD5s0740YWZi";"Канал";"https://t.me/UAmpdD5s0740YWZi"
"585";"N/A";"Mastodonta_Assortiment";"Канал";"https://t.me/Mastodonta_Assortiment"
"586";"N/A";"TitovZarabotok";"Канал";"https://t.me/TitovZarabotok"
"587";"N/A";"mitroshina8";"Канал";"https://t.me/mitroshina8"
"588";"N/A";"tadabburway";"Канал";"https://t.me/tadabburway"
"589";"N/A";"nBdYkQSzfkExMTgy";"Канал";"https://t.me/nBdYkQSzfkExMTgy"
"590";"N/A";"FonballetStudio";"Канал";"https://t.me/FonballetStudio"
"591";"N/A";"oksanavoinich";"Канал";"https://t.me/oksanavoinich"
"592";"N/A";"cherezterniiksile";"Канал";"https://t.me/cherezterniiksile"
"593";"N/A";"Mikhail_Kuznetsov_lab";"Канал";"https://t.me/Mikhail_Kuznetsov_lab"
"594";"N/A";"mashavoice2023";"Канал";"https://t.me/mashavoice2023"
"595";"N/A";"kursy_skladchiki";"Канал";"https://t.me/kursy_skladchiki"
"596";"N/A";"zFaIWWgHQdY2ZmUy";"Канал";"https://t.me/zFaIWWgHQdY2ZmUy"
"597";"N/A";"NjODCj1NDQk4ZWFi";"Канал";"https://t.me/NjODCj1NDQk4ZWFi"
"598";"N/A";"floreal_center";"Канал";"https://t.me/floreal_center"
"599";"N/A";"y4i_na4alka";"Канал";"https://t.me/y4i_na4alka"
"600";"N/A";"uxroomka";"Канал";"https://t.me/uxroomka"
"601";"N/A";"bucketblueprint";"Канал";"https://t.me/bucketblueprint"
"602";"N/A";"howyoudoin_club";"Канал";"https://t.me/howyoudoin_club"
"603";"N/A";"pandaspy";"Канал";"https://t.me/pandaspy"
"604";"N/A";"HIHKPjrVVoMwMWUy";"Канал";"https://t.me/HIHKPjrVVoMwMWUy"
"605";"N/A";"cpp_basics";"Канал";"https://t.me/cpp_basics"
"606";"N/A";"natashetogde";"Канал";"https://t.me/natashetogde"
"607";"N/A";"devmark_ru";"Канал";"https://t.me/devmark_ru"
"608";"N/A";"lVSqfLsKTE45ZWUy";"Канал";"https://t.me/lVSqfLsKTE45ZWUy"
"609";"N/A";"is_sliv";"Канал";"https://t.me/is_sliv"
"610";"N/A";"tGhM_C9tDgxhODdi";"Канал";"https://t.me/tGhM_C9tDgxhODdi"
"611";"N/A";"ovvast_ru";"Канал";"https://t.me/ovvast_ru"
"612";"N/A";"PevnyiProject";"Канал";"https://t.me/PevnyiProject"
"613";"N/A";"katrixova";"Канал";"https://t.me/katrixova"
"614";"N/A";"cultivationyourself";"Канал";"https://t.me/cultivationyourself"
"615";"N/A";"content_matriza";"Канал";"https://t.me/content_matriza"
"616";"N/A";"triad_maxing";"Канал";"https://t.me/triad_maxing"
"617";"N/A";"prokachaysebya_guides";"Канал";"https://t.me/prokachaysebya_guides"
"618";"N/A";"vsbMtcVp-C8zYTYy";"Канал";"https://t.me/vsbMtcVp-C8zYTYy"
"619";"N/A";"resilienttraders";"Канал";"https://t.me/resilienttraders"
"620";"N/A";"bilbaoguide";"Канал";"https://t.me/bilbaoguide"
"621";"N/A";"oksana_instablog";"Канал";"https://t.me/oksana_instablog"
"622";"N/A";"cvjbF4dUmQxmMGUy";"Канал";"https://t.me/cvjbF4dUmQxmMGUy"
"623";"N/A";"varvaraprobrend";"Канал";"https://t.me/varvaraprobrend"
"624";"N/A";"tangens5";"Канал";"https://t.me/tangens5"
"625";"N/A";"dexcexp2p";"Канал";"https://t.me/dexcexp2p"
"626";"N/A";"docNASamaretsNOTsecret";"Канал";"https://t.me/docNASamaretsNOTsecret"
"627";"N/A";"kalashnikova_mentor";"Канал";"https://t.me/kalashnikova_mentor"
"628";"N/A";"OkMTr-jNfpIzNDI6";"Канал";"https://t.me/OkMTr-jNfpIzNDI6"
"629";"N/A";"f2mraYRNodc2YjU6";"Канал";"https://t.me/f2mraYRNodc2YjU6"
"630";"N/A";"Skorozvonovaschool";"Канал";"https://t.me/Skorozvonovaschool"
"631";"N/A";"irina_life_love";"Канал";"https://t.me/irina_life_love"
"632";"N/A";"087Gsr45bzQwMjMy";"Канал";"https://t.me/087Gsr45bzQwMjMy"
"633";"N/A";"masshtabiruysya";"Канал";"https://t.me/masshtabiruysya"
"634";"N/A";"uchunakaite";"Канал";"https://t.me/uchunakaite"
"635";"N/A";"BeamNG_Profit";"Канал";"https://t.me/BeamNG_Profit"
"636";"N/A";"avitolognatali";"Канал";"https://t.me/avitolognatali"
"637";"N/A";"neprosaxar";"Канал";"https://t.me/neprosaxar"
"638";"N/A";"vseobankah";"Канал";"https://t.me/vseobankah"
"639";"N/A";"u4uon";"Канал";"https://t.me/u4uon"
"640";"N/A";"bazovichok3";"Канал";"https://t.me/bazovichok3"
"641";"N/A";"kursmpl";"Канал";"https://t.me/kursmpl"
"642";"N/A";"innatomeya_STM32_Linux";"Канал";"https://t.me/innatomeya_STM32_Linux"
"643";"N/A";"freelansDydkina";"Канал";"https://t.me/freelansDydkina"
"644";"N/A";"orange_english18";"Канал";"https://t.me/orange_english18"
"645";"N/A";"adwerbnet";"Канал";"https://t.me/adwerbnet"
"646";"N/A";"gorevushaaa";"Канал";"https://t.me/gorevushaaa"
"647";"N/A";"yoga_telegraph";"Канал";"https://t.me/yoga_telegraph"
"648";"N/A";"sinagramm";"Канал";"https://t.me/sinagramm"
"649";"N/A";"make_big_deal";"Канал";"https://t.me/make_big_deal"
"650";"N/A";"FNf4kTLjKJk4N2My";"Канал";"https://t.me/FNf4kTLjKJk4N2My"
"651";"N/A";"AT_psyholog";"Канал";"https://t.me/AT_psyholog"
"652";"N/A";"margarita_mirr";"Канал";"https://t.me/margarita_mirr"
"653";"N/A";"liliana_startonline";"Канал";"https://t.me/liliana_startonline"
"654";"N/A";"gonzesliv";"Канал";"https://t.me/gonzesliv"
"655";"N/A";"sashaleonbrand";"Канал";"https://t.me/sashaleonbrand"
"656";"N/A";"LakonKo";"Канал";"https://t.me/LakonKo"
"657";"N/A";"NtkBleztbAs1YzFi";"Канал";"https://t.me/NtkBleztbAs1YzFi"
"658";"N/A";"finnetwork_school";"Канал";"https://t.me/finnetwork_school"
"659";"N/A";"IMvdUurEZwAwMzk6";"Канал";"https://t.me/IMvdUurEZwAwMzk6"
"660";"N/A";"DashaTattooWow";"Канал";"https://t.me/DashaTattooWow"
"661";"N/A";"hIWC53lOagU5OTdi";"Канал";"https://t.me/hIWC53lOagU5OTdi"
"662";"N/A";"sketchhunter";"Канал";"https://t.me/sketchhunter"
"663";"N/A";"forpartners_academy";"Канал";"https://t.me/forpartners_academy"
"664";"N/A";"SewTogether127";"Канал";"https://t.me/SewTogether127"
"665";"N/A";"daniil_rtth";"Канал";"https://t.me/daniil_rtth"
"666";"N/A";"ezDBkqbFu5U4MjQy";"Канал";"https://t.me/ezDBkqbFu5U4MjQy"
"667";"N/A";"seschoolru";"Канал";"https://t.me/seschoolru"
"668";"N/A";"4VJhhA-NcuAzNzQ6";"Канал";"https://t.me/4VJhhA-NcuAzNzQ6"
"669";"N/A";"YXmM-GZBBAs5NGIy";"Канал";"https://t.me/YXmM-GZBBAs5NGIy"
"670";"N/A";"8Dtm1cTe0Gc4MGUy";"Канал";"https://t.me/8Dtm1cTe0Gc4MGUy"
"671";"N/A";"finkont_zakupki";"Канал";"https://t.me/finkont_zakupki"
"672";"N/A";"BalandinaProResultatKomandy";"Канал";"https://t.me/BalandinaProResultatKomandy"
"673";"N/A";"kpyatnitsky";"Канал";"https://t.me/kpyatnitsky"
"674";"N/A";"romanovskayagolos";"Канал";"https://t.me/romanovskayagolos"
"675";"N/A";"Irina_Energyy";"Канал";"https://t.me/Irina_Energyy"
"676";"N/A";"WRGDM";"Канал";"https://t.me/WRGDM"
"677";"N/A";"zloy_ghostwriter";"Канал";"https://t.me/zloy_ghostwriter"
"678";"N/A";"fengshui1949";"Канал";"https://t.me/fengshui1949"
"679";"N/A";"NgUjftL8nsRkNTIy";"Канал";"https://t.me/NgUjftL8nsRkNTIy"
"680";"N/A";"4cPywYeC2hkxMzNi";"Канал";"https://t.me/4cPywYeC2hkxMzNi"
"681";"N/A";"kladovaya_it";"Канал";"https://t.me/kladovaya_it"
"682";"N/A";"Wovh6AtU6W1iOWE6";"Канал";"https://t.me/Wovh6AtU6W1iOWE6"
"683";"N/A";"language_school_motion";"Канал";"https://t.me/language_school_motion"
"684";"N/A";"Vetrova_brend";"Канал";"https://t.me/Vetrova_brend"
"685";"N/A";"litcurcMark";"Канал";"https://t.me/litcurcMark"
"686";"N/A";"DigitalSharks";"Канал";"https://t.me/DigitalSharks"
"687";"N/A";"CapitalsWay";"Канал";"https://t.me/CapitalsWay"
"688";"N/A";"tradinggcom";"Канал";"https://t.me/tradinggcom"
"689";"N/A";"barista_espressika";"Канал";"https://t.me/barista_espressika"
"690";"N/A";"antonov_bustee";"Канал";"https://t.me/antonov_bustee"
"691";"N/A";"vizual_premiumdesign";"Канал";"https://t.me/vizual_premiumdesign"
"692";"N/A";"englishforevery0ne3";"Канал";"https://t.me/englishforevery0ne3"
"693";"N/A";"gostnv";"Канал";"https://t.me/gostnv"
"694";"N/A";"podopomocsh";"Канал";"https://t.me/podopomocsh"
"695";"N/A";"NeirosetisAlexandroy";"Канал";"https://t.me/NeirosetisAlexandroy"
"696";"N/A";"professionsh";"Канал";"https://t.me/professionsh"
"697";"N/A";"MgEvvSuxkIQ1YmU6";"Канал";"https://t.me/MgEvvSuxkIQ1YmU6"
"698";"N/A";"kapystatyt";"Канал";"https://t.me/kapystatyt"
"699";"N/A";"brosimpatyaga";"Канал";"https://t.me/brosimpatyaga"
"700";"N/A";"simply_seller";"Канал";"https://t.me/simply_seller"
"701";"N/A";"to_be_marchimaster";"Канал";"https://t.me/to_be_marchimaster"
"702";"N/A";"Novosti_Georgia";"Канал";"https://t.me/Novosti_Georgia"
"703";"N/A";"bodyaint";"Канал";"https://t.me/bodyaint"
"704";"N/A";"analizanto";"Канал";"https://t.me/analizanto"
"705";"N/A";"kazakovkoach";"Канал";"https://t.me/kazakovkoach"
"706";"N/A";"sila_misli_podsoznanie";"Канал";"https://t.me/sila_misli_podsoznanie"
"707";"N/A";"NoMoreMenos";"Канал";"https://t.me/NoMoreMenos"
"708";"N/A";"rusicona21ru";"Канал";"https://t.me/rusicona21ru"
"709";"N/A";"sashahill_tennis";"Канал";"https://t.me/sashahill_tennis"
"710";"N/A";"kris_v_dele";"Канал";"https://t.me/kris_v_dele"
"711";"N/A";"kora_half_obsidian";"Канал";"https://t.me/kora_half_obsidian"
"712";"N/A";"natali_hometextile";"Канал";"https://t.me/natali_hometextile"
"713";"N/A";"onlinecourses_russia";"Канал";"https://t.me/onlinecourses_russia"
"714";"N/A";"engfreecourses";"Канал";"https://t.me/engfreecourses"
"715";"N/A";"OlyaSchitaet";"Канал";"https://t.me/OlyaSchitaet"
"716";"N/A";"key_comp";"Канал";"https://t.me/key_comp"
"717";"N/A";"kurganinsky_museum";"Канал";"https://t.me/kurganinsky_museum"
"718";"N/A";"darina_pro_prodazhi";"Канал";"https://t.me/darina_pro_prodazhi"
"719";"N/A";"alprochina";"Канал";"https://t.me/alprochina"
"720";"N/A";"top_academy_pskov";"Канал";"https://t.me/top_academy_pskov"
"721";"N/A";"dCNWtRt_X-gxOGQy";"Канал";"https://t.me/dCNWtRt_X-gxOGQy"
"722";"N/A";"otzivigomytoyou";"Канал";"https://t.me/otzivigomytoyou"
"723";"N/A";"gde_dengi_zinn";"Канал";"https://t.me/gde_dengi_zinn"
"724";"N/A";"mysliisteni";"Канал";"https://t.me/mysliisteni"
"725";"N/A";"MIXKURSSLIV";"Канал";"https://t.me/MIXKURSSLIV"
"726";"N/A";"tati_nails_ekb_akadem";"Канал";"https://t.me/tati_nails_ekb_akadem"
"727";"N/A";"MagazinBuriyMedved";"Канал";"https://t.me/MagazinBuriyMedved"
"728";"N/A";"M5dBbvMXYlwwMDVi";"Канал";"https://t.me/M5dBbvMXYlwwMDVi"
"729";"N/A";"originsi";"Канал";"https://t.me/originsi"
"730";"N/A";"olga_andreeva_ru";"Канал";"https://t.me/olga_andreeva_ru"
"731";"N/A";"text_sales";"Канал";"https://t.me/text_sales"
"732";"N/A";"yajc_java";"Канал";"https://t.me/yajc_java"
"733";"N/A";"prog_orange";"Канал";"https://t.me/prog_orange"
"734";"N/A";"sliv_slezy_satoshy";"Канал";"https://t.me/sliv_slezy_satoshy"
"735";"N/A";"English1_with_Anna";"Канал";"https://t.me/English1_with_Anna"
"736";"N/A";"finbonus";"Канал";"https://t.me/finbonus"
"737";"N/A";"ArctlineX";"Канал";"https://t.me/ArctlineX"
"738";"N/A";"black_house_6666";"Канал";"https://t.me/black_house_6666"
"739";"N/A";"opyt_dyraka";"Канал";"https://t.me/opyt_dyraka"
"740";"N/A";"oblachko_suti";"Канал";"https://t.me/oblachko_suti"
"741";"N/A";"agile_news";"Канал";"https://t.me/agile_news"
"742";"N/A";"AAAAAE-17l0cuyMaWKiuTg";"Канал";"https://t.me/AAAAAE-17l0cuyMaWKiuTg"
"743";"N/A";"alenamed_lash";"Канал";"https://t.me/alenamed_lash"
"744";"N/A";"moderator_mastermind_intensive";"Канал";"https://t.me/moderator_mastermind_intensive"
"745";"N/A";"rinalifestyle";"Канал";"https://t.me/rinalifestyle"
"746";"N/A";"codeshadowcources";"Канал";"https://t.me/codeshadowcources"
"747";"N/A";"2yj9iYCuwLs1NmMy";"Канал";"https://t.me/2yj9iYCuwLs1NmMy"
"748";"N/A";"anatoly3ybv";"Канал";"https://t.me/anatoly3ybv"
"749";"N/A";"bukvarik_volgograd";"Канал";"https://t.me/bukvarik_volgograd"
"750";"N/A";"EuropeBeautySchool";"Канал";"https://t.me/EuropeBeautySchool"
"751";"N/A";"toryyfrilans";"Канал";"https://t.me/toryyfrilans"
"752";"N/A";"TARO_SVT";"Канал";"https://t.me/TARO_SVT"
"753";"N/A";"Ziamkka1";"Канал";"https://t.me/Ziamkka1"
"754";"N/A";"speakerschoolpro";"Канал";"https://t.me/speakerschoolpro"
"755";"N/A";"engfrquest";"Канал";"https://t.me/engfrquest"
"756";"N/A";"goomerweek";"Канал";"https://t.me/goomerweek"
"757";"N/A";"foto_Miya";"Канал";"https://t.me/foto_Miya"
"758";"N/A";"lkdpo";"Канал";"https://t.me/lkdpo"
"759";"N/A";"nataly_piano_blog";"Канал";"https://t.me/nataly_piano_blog"
"760";"N/A";"time4mam";"Канал";"https://t.me/time4mam"
"761";"N/A";"LegalBankrot";"Канал";"https://t.me/LegalBankrot"
"762";"N/A";"kontentmaster68";"Канал";"https://t.me/kontentmaster68"
"763";"N/A";"Chatgpt_yours";"Канал";"https://t.me/Chatgpt_yours"
"764";"N/A";"AAAAAETd9uBxGkag1pW6Qg";"Канал";"https://t.me/AAAAAETd9uBxGkag1pW6Qg"
"765";"N/A";"aidafrilanss";"Канал";"https://t.me/aidafrilanss"
"766";"N/A";"mBQ7217eEAZjMDEy";"Канал";"https://t.me/mBQ7217eEAZjMDEy"
"767";"N/A";"retouching_ps";"Канал";"https://t.me/retouching_ps"
"768";"N/A";"boy_v_hiosskom_prolive";"Канал";"https://t.me/boy_v_hiosskom_prolive"
"769";"N/A";"scicalc";"Канал";"https://t.me/scicalc"
"770";"N/A";"ozarabotki";"Канал";"https://t.me/ozarabotki"
"771";"N/A";"progrev_tiktok";"Канал";"https://t.me/progrev_tiktok"
"772";"N/A";"auto_grev";"Канал";"https://t.me/auto_grev"
"773";"N/A";"avto_progrev";"Канал";"https://t.me/avto_progrev"
"774";"N/A";"tiktok_progrev";"Канал";"https://t.me/tiktok_progrev"
"775";"N/A";"floreal_centr";"Канал";"https://t.me/floreal_centr"
"776";"N/A";"hochudenegvinete";"Канал";"https://t.me/hochudenegvinete"
"777";"N/A";"nuty_klushka";"Канал";"https://t.me/nuty_klushka"
"778";"N/A";"wOo7ZdaVLWlkNjky";"Канал";"https://t.me/wOo7ZdaVLWlkNjky"
"779";"N/A";"otzuv_jivojum";"Канал";"https://t.me/otzuv_jivojum"
"780";"N/A";"yaanadmitrieva";"Канал";"https://t.me/yaanadmitrieva"
"781";"N/A";"Crypto_Club_Guide";"Канал";"https://t.me/Crypto_Club_Guide"
"782";"N/A";"fry_money";"Канал";"https://t.me/fry_money"
"783";"N/A";"TopCours";"Канал";"https://t.me/TopCours"
"784";"N/A";"math005z";"Канал";"https://t.me/math005z"
"785";"N/A";"recsmanual";"Канал";"https://t.me/recsmanual"
"786";"N/A";"bull1n1bear";"Канал";"https://t.me/bull1n1bear"
"787";"N/A";"anton_genii";"Канал";"https://t.me/anton_genii"
"788";"N/A";"art_transform";"Канал";"https://t.me/art_transform"
"789";"N/A";"AomineoReels";"Канал";"https://t.me/AomineoReels"
"790";"N/A";"py_snack";"Канал";"https://t.me/py_snack"
"791";"N/A";"Anastasia_Artuhova";"Канал";"https://t.me/Anastasia_Artuhova"
"792";"N/A";"bestkursslivmain";"Канал";"https://t.me/bestkursslivmain"
"793";"N/A";"ushakovaum8";"Канал";"https://t.me/ushakovaum8"
"794";"N/A";"fingerstyleguide";"Канал";"https://t.me/fingerstyleguide"
"795";"N/A";"voz_dk";"Канал";"https://t.me/voz_dk"
"796";"N/A";"zaraOnlin";"Канал";"https://t.me/zaraOnlin"
"797";"N/A";"checkinc8";"Канал";"https://t.me/checkinc8"
"798";"N/A";"cdam_alarm2";"Канал";"https://t.me/cdam_alarm2"
"799";"N/A";"RH0xx";"Канал";"https://t.me/RH0xx"
"800";"N/A";"Amantlebench";"Канал";"https://t.me/Amantlebench"
"801";"N/A";"chuykovaok";"Канал";"https://t.me/chuykovaok"
"802";"N/A";"yuliquemethodique";"Канал";"https://t.me/yuliquemethodique"
"803";"N/A";"templar_love";"Канал";"https://t.me/templar_love"
"804";"N/A";"varnote";"Канал";"https://t.me/varnote"
"805";"N/A";"espafon";"Канал";"https://t.me/espafon"
"806";"N/A";"marybeautyacademia";"Канал";"https://t.me/marybeautyacademia"
"807";"N/A";"free_obr";"Канал";"https://t.me/free_obr"
"808";"N/A";"firedrom_official";"Канал";"https://t.me/firedrom_official"
"809";"N/A";"play2xco";"Канал";"https://t.me/play2xco"
"810";"N/A";"frontlift";"Канал";"https://t.me/frontlift"
"811";"N/A";"protocol_silent";"Канал";"https://t.me/protocol_silent"
"812";"N/A";"aromatorium";"Канал";"https://t.me/aromatorium"
"813";"N/A";"all_kurs_all";"Канал";"https://t.me/all_kurs_all"
"814";"N/A";"quack1one";"Канал";"https://t.me/quack1one"
"815";"N/A";"curses22";"Канал";"https://t.me/curses22"
"816";"N/A";"tread_of_lightly";"Канал";"https://t.me/tread_of_lightly"
"817";"N/A";"konsalting_legko";"Канал";"https://t.me/konsalting_legko"
"818";"N/A";"Dengi_tebya_ne_lyubyat";"Канал";"https://t.me/Dengi_tebya_ne_lyubyat"
"819";"N/A";"mlm_starty";"Канал";"https://t.me/mlm_starty"
"820";"N/A";"valeria_cashbackwb";"Канал";"https://t.me/valeria_cashbackwb"
"821";"N/A";"RassvetYes";"Канал";"https://t.me/RassvetYes"
"822";"N/A";"PpMu0nmu9L1mODdi";"Канал";"https://t.me/PpMu0nmu9L1mODdi"
"823";"N/A";"myrylove";"Канал";"https://t.me/myrylove"
"824";"N/A";"niolyq";"Канал";"https://t.me/niolyq"
"825";"N/A";"marketbot_online";"Канал";"https://t.me/marketbot_online"
"826";"N/A";"kornegi_detka";"Канал";"https://t.me/kornegi_detka"
"827";"N/A";"elena_biznesoo";"Канал";"https://t.me/elena_biznesoo"
"828";"N/A";"pevunova_start";"Канал";"https://t.me/pevunova_start"
"829";"N/A";"lynx_tales";"Канал";"https://t.me/lynx_tales"
"830";"N/A";"lone_radio";"Канал";"https://t.me/lone_radio"
"831";"N/A";"t-AS1Ql47x4zYTAy";"Канал";"https://t.me/t-AS1Ql47x4zYTAy"
"832";"N/A";"infografika_on";"Канал";"https://t.me/infografika_on"
"833";"N/A";"kiitosas";"Канал";"https://t.me/kiitosas"
"834";"N/A";"own_producer";"Канал";"https://t.me/own_producer"
"835";"N/A";"easy_cardVisa";"Канал";"https://t.me/easy_cardVisa"
"836";"N/A";"holistic_analyst";"Канал";"https://t.me/holistic_analyst"
"837";"N/A";"thestrengthsecret";"Канал";"https://t.me/thestrengthsecret"
"838";"N/A";"kino_kat_ru";"Канал";"https://t.me/kino_kat_ru"
"839";"N/A";"neyronkarisuet";"Канал";"https://t.me/neyronkarisuet"
"840";"N/A";"warehousearchive";"Канал";"https://t.me/warehousearchive"
"841";"N/A";"TCRukovoditel";"Канал";"https://t.me/TCRukovoditel"
"842";"N/A";"Tilda_School74";"Канал";"https://t.me/Tilda_School74"
"843";"N/A";"idivlevbrand";"Канал";"https://t.me/idivlevbrand"
"844";"N/A";"screenenglishfree";"Канал";"https://t.me/screenenglishfree"
"845";"N/A";"Natalia_Oparina2310";"Канал";"https://t.me/Natalia_Oparina2310"
"846";"N/A";"neyrofresh";"Канал";"https://t.me/neyrofresh"
"847";"N/A";"klavomysher";"Канал";"https://t.me/klavomysher"
"848";"N/A";"torgi1k";"Канал";"https://t.me/torgi1k"
"849";"N/A";"abschiedsaal";"Канал";"https://t.me/abschiedsaal"
"850";"N/A";"threerefs";"Канал";"https://t.me/threerefs"
"851";"N/A";"rm_programmer";"Канал";"https://t.me/rm_programmer"
"852";"N/A";"phys_math_with_love";"Канал";"https://t.me/phys_math_with_love"
"853";"N/A";"unleashedthoughts";"Канал";"https://t.me/unleashedthoughts"